Date,COUNTRY_CODE,panic_index,media_hype_index,fake_news_index,sentiment_index,infodemic_index,media_coverage_index,Retornos_BTC,volatilidad,gfi,deaths_per_day,cases_per_day,musk_tweet
2020-01-28,XX,0.99,7.79,0.18,-61.93,15.25,31.94,4.914065669354804,448.7705078125,0.8869277627666889,98.0,5302.0,0
2020-01-29,XX,1.07,9.06,0.19,-57.25,17.16,34.2,-0.4493658672814257,-41.9599609375,0.8518816198881134,4.0,1178.0,0
2020-01-30,XX,1.22,9.82,0.26,-51.85,17.69,36.28,2.0437036918080174,192.36328125,0.82713720819854,76.0,4136.0,0
2020-01-31,XX,1.34,9.85,0.38,-52.19,19.05,37.71,-1.6805048675941272,-158.4638671875,0.8079220697867676,84.0,3380.0,0
2020-02-01,XX,1.48,11.27,0.51,-49.37,19.86,40.39,0.4518472151643944,42.345703125,0.7819167956405362,92.0,4222.0,0
2020-02-02,XX,1.49,10.41,0.46,-49.67,20.72,42.32,-0.5177910236525379,-48.509765625,0.7424026231777454,206.0,9498.0,0
2020-02-03,XX,1.48,12.33,0.45,-49.64,21.17,45.81,-0.545597007771587,-50.84375,0.7626579232400504,128.0,6200.0,0
2020-02-04,XX,1.74,11.12,0.45,-52.89,20.0,38.57,-1.21854536490776,-112.55859375,0.7428822724011188,132.0,8024.0,0
2020-02-05,XX,1.27,10.5,0.46,-52.33,19.13,37.03,4.602834799275258,432.4609375,0.730824490958637,144.0,7490.0,0
2020-02-06,XX,0.93,10.44,0.24,-52.07,20.52,37.66,1.2033084493942918,116.3779296875,0.7144967868533809,140.0,6324.0,0
2020-02-07,XX,1.19,9.31,0.26,-45.12,20.74,37.3,0.6774835392772002,66.1416015625,0.6685852604768712,170.0,7188.0,0
2020-02-08,XX,1.33,8.83,0.39,-38.65,19.47,39.45,0.7036859447460035,69.17578125,0.6527180924410747,174.0,5462.0,0
2020-02-09,XX,1.81,9.45,0.39,-33.52,19.29,39.66,2.517972021925015,251.5546875,0.6375011866707249,200.0,6062.0,0
2020-02-10,XX,1.69,10.38,0.38,-28.16,20.86,41.74,-2.6042505869956383,-260.0625,0.624886051266585,214.0,5218.0,0
2020-02-11,XX,1.04,9.83,0.17,-25.49,18.99,37.24,3.5052446746270767,351.625,0.6148565788603185,200.0,4086.0,0
2020-02-12,XX,0.88,8.95,0.21,-26.03,19.32,38.07,1.1475404940052,117.818359375,0.5883069195052822,10.0,836.0,0
2020-02-13,XX,0.88,9.25,0.16,-26.07,19.59,38.66,-1.087376264218345,-111.6748046875,0.6244967718828035,506.0,30304.0,0
2020-02-14,XX,0.73,9.89,0.2,-27.7,20.5,39.8,0.9523015160699344,97.736328125,0.6259603049561773,304.0,13056.0,0
2020-02-15,XX,0.8,9.11,0.25,-34.13,20.29,37.85,-4.185355039924229,-422.69140625,0.6196978489224518,286.0,4286.0,0
2020-02-16,XX,1.13,8.86,0.3,-33.24,18.78,37.67,0.4540878520857384,45.0087890625,0.6138946630297022,208.0,4366.0,0
2020-02-17,XX,1.28,10.16,0.22,-30.14,19.63,40.06,-2.489772344158013,-244.291015625,0.621948765985072,196.0,4070.0,0
2020-02-18,XX,1.05,11.26,0.28,-32.97,18.24,39.55,4.557569247775114,451.853515625,0.5743742540183208,280.0,3764.0,0
2020-02-19,XX,0.72,10.43,0.2,-37.43,20.0,39.91,-5.144998404328957,-508.609375,0.5564723644616346,230.0,1000.0,0
2020-02-20,XX,0.63,8.77,0.2,-41.53,19.78,36.49,-0.258926566833035,-24.9111328125,0.5494977657865079,250.0,1122.0,0
2020-02-21,XX,0.72,8.7,0.17,-39.85,20.63,36.01,0.8081532009711981,77.9658203125,0.5394278182671893,8.0,1260.0,0
2020-02-22,XX,1.21,9.96,0.24,-39.88,20.13,35.43,-0.2404158134973381,-23.259765625,0.5429276057044446,414.0,3524.0,0
2020-02-23,XX,1.12,9.27,0.22,-44.17,18.18,36.84,2.668506547579107,261.333984375,0.5320125576790622,22.0,764.0,0
2020-02-24,XX,1.58,12.02,0.65,-52.39,20.73,41.22,-2.803199219365692,-274.3408203125,0.5329538903699291,320.0,1136.0,0
2020-02-25,XX,1.62,12.77,0.24,-49.33,22.33,41.51,-3.248723753845248,-308.4697265625,0.5299946347678401,160.0,1710.0,0
2020-02-26,XX,1.33,11.63,0.15,-49.35,23.54,43.0,-5.740768792548737,-521.1826171875,0.5330118612568953,122.0,1956.0,0
2020-02-27,XX,1.68,14.23,0.5,-50.03,25.91,46.31,-0.4092966388449268,-36.0283203125,0.5232484332373302,86.0,2718.0,0
2020-02-28,XX,2.29,15.64,0.42,-56.9,27.13,48.77,-1.2836217768337237,-112.0390625,0.5267622825900902,118.0,2798.0,0
2020-02-29,XX,3.04,18.5,0.43,-57.02,28.47,53.28,-0.8446835964171201,-72.9462890625,0.5238310094236537,140.0,3788.0,0
2020-03-01,XX,2.86,17.23,1.35,-58.72,26.98,54.89,-0.4318240904803676,-37.0546875,0.5244329017987592,108.0,4760.0,0
2020-03-02,XX,3.0,20.38,1.18,-55.16,29.92,57.26,3.5250739590151827,307.2158203125,0.5265586151518671,178.0,3958.0,0
2020-03-03,XX,2.69,19.7,0.52,-53.77,29.15,54.71,-0.9274764811755474,-81.8837890625,0.5290758536971735,148.0,5220.0,1
2020-03-04,XX,2.59,21.12,0.55,-48.47,31.15,55.2,-0.3709743670396993,-32.5400390625,0.5311858749645446,190.0,4678.0,0
2020-03-05,XX,2.84,22.19,0.91,-42.41,31.76,55.65,3.628484201142127,323.5166015625,0.5325636805155265,186.0,5656.0,0
2020-03-06,XX,2.83,21.96,0.59,-37.15,31.69,57.05,0.4811004368074785,43.783203125,0.5359234843635957,226.0,7866.0,0
2020-03-07,XX,3.38,24.68,0.69,-32.29,34.35,57.43,-2.357983053034934,-212.591796875,0.5381717567388026,210.0,8250.0,0
2020-03-08,XX,4.03,28.3,0.79,-31.0,34.49,58.12,-9.430352876922734,-801.837890625,0.5443225739916602,482.0,7856.0,0
2020-03-09,XX,5.23,29.85,0.8,-33.64,36.41,61.18,-2.301429329184435,-184.4716796875,0.5482433503941366,380.0,8396.0,0
2020-03-10,XX,4.78,28.57,0.93,-38.29,35.18,60.74,-0.1757685080185066,-13.9150390625,0.5545909632410172,552.0,9812.0,0
2020-03-11,XX,4.26,31.24,0.73,-46.59,37.96,61.62,0.021498848832731,1.70068359375,0.5629295661428793,690.0,15400.0,0
2020-03-12,XX,4.07,33.27,0.74,-54.37,39.28,64.62,-46.4730175339773,-2940.64208984375,0.5681395084553873,620.0,12246.0,0
2020-03-13,XX,6.06,41.48,0.72,-61.03,43.25,65.37,11.26862221975449,592.9189453125,0.57979463355126,988.0,28388.0,0
2020-03-14,XX,7.01,47.08,0.93,-68.52,46.81,66.99,-6.753557004657186,-363.3408203125,0.5872883870589706,844.0,22242.0,0
2020-03-15,XX,7.68,55.88,1.11,-68.65,52.05,75.51,3.6245732630844447,191.94873046875,0.5953130906907378,1302.0,22852.0,0
2020-03-16,XX,8.8,61.16,1.07,-68.75,55.22,78.98,-7.264505770911891,-377.8349609375,0.6006164895978072,1376.0,29642.0,0
2020-03-17,XX,6.58,50.22,1.18,-66.06,50.32,75.58,4.124552567019178,211.1494140625,0.6101119402290459,1636.0,32276.0,0
2020-03-18,XX,6.32,52.11,1.26,-65.3,52.6,76.57,0.2448204386069575,12.80908203125,0.6107684802124148,1844.0,39370.0,0
2020-03-19,XX,6.49,52.98,1.44,-66.28,52.29,77.86,16.71043242496126,952.75439453125,0.6210625799219209,2236.0,54616.0,0
2020-03-20,XX,6.98,55.71,1.32,-64.19,56.49,78.2,0.1224450008686969,7.58544921875,0.6306969028048133,2998.0,62228.0,0
2020-03-21,XX,6.9,56.92,1.23,-61.87,56.5,79.88,-0.2214485076129407,-13.7119140625,0.6381194308686157,3460.0,64150.0,0
2020-03-22,XX,9.02,66.59,2.03,-61.44,61.76,78.7,-5.907702386252891,-354.8115234375,0.6421985222997608,3376.0,70368.0,0
2020-03-23,XX,8.05,68.87,1.53,-61.38,60.46,82.61,9.578323765146266,586.06005859375,0.6465617758097824,3930.0,86050.0,0
2020-03-24,XX,6.13,58.66,1.23,-58.6,58.68,80.8,4.844470857364082,318.48876953125,0.645890546182915,4642.0,82500.0,0
2020-03-25,XX,6.63,60.07,1.28,-59.14,59.12,82.2,-0.8011559939720809,-53.74072265625,0.6450453285638893,5670.0,102668.0,0
2020-03-26,XX,6.25,59.5,1.34,-59.65,59.45,81.68,0.5281211361417012,35.37744140625,0.6455172967808338,6096.0,126150.0,0
2020-03-27,XX,5.42,59.51,1.1,-62.63,61.89,82.12,-3.741337669931112,-246.64208984375,0.6473763308227107,7000.0,130180.0,0
2020-03-28,XX,5.92,59.03,1.11,-65.8,60.01,83.93,-3.581324079079013,-227.6044921875,0.6466649761531295,7710.0,139352.0,0
2020-03-29,XX,7.86,66.2,1.49,-66.34,60.23,80.99,-5.265021330566508,-320.15087890625,0.6413055619317167,7000.0,113332.0,0
2020-03-30,XX,9.21,69.27,1.46,-67.33,63.87,81.45,8.226844860278629,507.798828125,0.6347112314972332,8206.0,130576.0,0
2020-03-30,XX,9.21,69.27,1.46,-67.33,63.87,81.45,8.226844860278629,507.798828125,0.6347112314972332,8206.0,130576.0,0
2020-04-01,XX,4.8,55.95,1.29,-60.37,62.23,81.1,2.5777803165675914,168.1318359375,0.6258648075285271,12098.0,164062.0,0
2020-04-02,XX,5.23,56.45,1.23,-59.1,61.89,81.19,2.788875596596145,186.84814453125,0.620982528627499,11852.0,166060.0,0
2020-04-03,XX,4.94,58.45,1.28,-56.88,62.46,82.59,-0.8906283829348234,-60.2373046875,0.6209054250733104,12496.0,168282.0,0
2020-04-04,XX,5.79,60.11,1.15,-56.76,63.14,81.4,1.9725803844387817,134.14013671875,0.614819250169373,11982.0,117736.0,0
2020-04-05,XX,7.06,66.34,1.51,-57.43,61.29,78.73,-1.1186860819705755,-76.39794921875,0.6061021177786062,10532.0,140158.0,0
2020-04-06,XX,6.66,68.46,1.39,-56.7,61.61,79.84,6.838401551364988,480.65185546875,0.5964431290830978,12000.0,148036.0,0
2020-04-07,XX,4.94,59.18,1.16,-55.74,63.82,81.17,-1.3201383140758696,-95.36669921875,0.5912381748707387,16764.0,138808.0,0
2020-04-08,XX,5.16,57.33,1.38,-60.65,64.06,82.39,2.1734626116209514,157.68408203125,0.5853313311973685,13810.0,166994.0,0
2020-04-09,XX,5.03,56.77,1.02,-56.6,63.25,81.75,-0.4373997983961782,-32.00927734375,0.5846713400804908,15766.0,173290.0,0
2020-04-10,XX,4.53,58.37,1.0,-53.98,64.82,82.95,-6.165264619598333,-436.59619140625,0.5836423726228327,14912.0,170346.0,0
2020-04-11,XX,5.79,62.26,1.32,-52.6,65.26,79.76,-0.0934113612811459,-6.41015625,0.5793067567483816,12634.0,148006.0,0
2020-04-12,XX,6.6,64.54,1.21,-51.93,65.48,79.41,1.6198094339308036,112.0087890625,0.575241290100786,11990.0,237750.0,0
2020-04-13,XX,6.41,63.99,1.16,-51.59,61.93,79.42,-1.8247903368068017,-126.05419921875,0.569524766203112,12198.0,142566.0,0
2020-04-14,XX,4.65,57.9,1.37,-51.47,63.73,80.27,-0.0381350856359287,-2.60986328125,0.5646765966994143,14288.0,167458.0,0
2020-04-15,XX,4.11,56.55,1.19,-56.22,65.23,80.19,-2.97129370766832,-200.31787109375,0.5618636067881897,17174.0,157334.0,0
2020-04-16,XX,4.23,56.0,1.33,-61.54,64.17,81.01,6.902911272643515,474.6943359375,0.5612551953416869,14816.0,188834.0,0
2020-04-17,XX,4.2,55.79,1.11,-65.97,63.28,80.07,-0.2901521095483836,-20.61962890625,0.558532642035837,17144.0,175990.0,0
2020-04-18,XX,4.46,56.62,1.04,-66.77,63.66,80.04,2.2500902000608027,161.48046875,0.5567090918144204,12502.0,153118.0,0
2020-04-19,XX,5.19,61.29,1.32,-66.35,62.79,77.77,-0.9446987957285106,-68.240234375,0.5526571986040772,10758.0,152032.0,0
2020-04-20,XX,5.52,61.16,1.12,-66.41,58.36,79.33,-4.370789261905665,-307.46630859375,0.548452290153289,12138.0,151978.0,0
2020-04-21,XX,4.21,53.99,0.99,-63.53,63.39,79.43,-0.0237642848045661,-1.63525390625,0.5454930666106892,14728.0,151328.0,0
2020-04-22,XX,3.83,54.26,1.02,-58.89,65.32,80.13,3.3849812461733007,236.88427734375,0.5422914052923629,14056.0,164038.0,0
2020-04-23,XX,3.94,53.04,0.93,-50.5,63.65,79.0,4.297334717626114,312.51708984375,0.5416616778272598,13970.0,165426.0,0
2020-04-24,XX,3.8,52.84,0.93,-42.9,63.76,79.93,1.6178084496425684,121.17626953125,0.5417095924982678,13798.0,167042.0,0
2020-04-25,XX,4.14,53.46,0.94,-39.22,64.51,80.73,0.2517739780347506,19.03515625,0.5406628354257544,11776.0,165858.0,1
2020-04-26,XX,4.49,54.28,1.37,-38.49,61.06,74.92,1.4417636083330128,109.93115234375,0.5373692513828784,8504.0,140710.0,0
2020-04-27,XX,5.22,57.88,1.76,-37.98,62.6,78.13,1.495735604802822,115.73388671875,0.5345654195473495,9820.0,141786.0,0
2020-04-28,XX,3.57,51.2,1.11,-34.02,64.0,79.58,0.1468662629901707,11.45751953125,0.5331497276044501,13638.0,151668.0,0
2020-04-29,XX,3.55,51.48,0.94,-34.69,64.79,80.74,11.9841406444289,993.9794921875,0.5319503612584281,13822.0,155300.0,0
2020-04-30,XX,3.44,50.79,0.79,-34.47,65.55,78.5,-1.632197818592355,-142.484375,0.5312216525417801,12090.0,167588.0,0
2020-05-01,XX,3.39,49.1,0.77,-34.46,67.17,79.27,2.353691044657035,206.212890625,0.531869065132877,10920.0,176890.0,1
2020-05-02,XX,3.55,49.39,0.91,-34.81,65.32,81.52,1.3872127279034094,123.830078125,0.5319218030454449,11700.0,156598.0,0
2020-05-03,XX,4.54,50.75,0.88,-35.01,62.39,76.86,-1.0189912204170497,-91.1279296875,0.5296136414855781,7682.0,148180.0,0
2020-05-04,XX,5.65,57.65,1.58,-34.13,61.57,77.25,0.1705271829389974,15.185546875,0.5276838806105455,8900.0,154388.0,0
2020-05-05,XX,3.56,51.32,0.95,-38.02,65.45,77.92,1.0093566989645255,90.416015625,0.5269108594166989,12198.0,159558.0,0
2020-05-06,XX,3.12,49.84,0.69,-32.3,65.44,78.46,2.908412623982488,265.69140625,0.5270066190001482,13728.0,181460.0,0
2020-05-07,XX,3.24,50.05,0.73,-32.29,66.84,78.88,7.107536685466279,682.7568359375,0.5266752458949602,11338.0,177308.0,0
2020-05-08,XX,3.07,47.97,0.59,-29.96,67.67,79.37,-1.0998547172291293,-108.8525390625,0.5276304530954066,11790.0,180760.0,0
2020-05-09,XX,3.45,47.69,0.8,-30.44,66.56,77.44,-2.559949751419353,-248.76953125,0.5273823678183176,9106.0,168114.0,0
2020-05-10,XX,4.94,52.21,0.92,-30.17,63.03,72.71,-9.133874992634656,-837.4658203125,0.5257992628233485,8092.0,150246.0,0
2020-05-11,XX,6.18,58.41,0.75,-31.53,65.85,76.58,-1.7817356616017377,-154.634765625,0.5235337866070967,7788.0,152570.0,0
2020-05-12,XX,3.66,49.35,0.7,-31.47,67.09,77.23,2.32893964825246,202.681640625,0.5230085375569264,11680.0,169966.0,0
2020-05-13,XX,3.24,48.66,0.71,-31.49,65.9,76.53,5.152160673099469,465.509765625,0.5221897987661519,10950.0,168926.0,0
2020-05-14,XX,3.5,48.57,0.64,-31.84,66.28,77.76,4.881430833652742,463.734375,0.5225144314666632,11158.0,190238.0,0
2020-05-15,XX,3.65,48.27,0.78,-32.38,65.71,80.09,-4.255454133663077,-405.5244140625,0.5233629209185999,11268.0,192288.0,1
2020-05-16,XX,3.36,46.84,0.58,-30.53,64.36,76.13,0.5219563387115276,48.81640625,0.523733595194044,9068.0,188068.0,0
2020-05-17,XX,3.18,45.89,1.0,-30.08,56.95,75.03,3.084341466898477,293.7255859375,0.5222633112487705,7156.0,156902.0,0
2020-05-18,XX,4.01,53.11,0.82,-29.8,59.54,75.24,0.5757095071523827,55.8359375,0.5214863996669691,8304.0,177722.0,0
2020-05-19,XX,2.9,47.82,0.58,-24.2,64.53,77.17,0.0253180468027682,2.462890625,0.5209511709944159,10274.0,192986.0,0
2020-05-20,XX,3.14,47.03,0.68,-22.76,62.89,76.61,-2.1407053865041545,-206.056640625,0.5206893393451297,10742.0,210546.0,0
2020-05-21,XX,3.08,47.3,0.75,-19.73,64.29,77.35,-4.743978112005262,-441.2197265625,0.5207733826265726,9910.0,211214.0,0
2020-05-22,XX,3.02,45.61,0.98,-19.78,63.64,77.07,1.1039704675422355,100.8154296875,0.5219311109800912,11376.0,214952.0,0
2020-05-23,XX,3.28,45.82,0.82,-20.95,62.26,76.27,0.2904542937138854,26.7099609375,0.5220297854464033,8744.0,208074.0,0
2020-05-24,XX,3.9,50.74,0.68,-16.51,58.2,71.87,-4.655584805354227,-418.9189453125,0.5210068143791513,6950.0,186284.0,0
2020-05-25,XX,4.2,52.75,0.74,-15.93,58.59,75.54,1.3173543308948166,116.56640625,0.5189253075517655,3044.0,176172.0,0
2020-05-26,XX,3.39,49.93,0.62,-15.04,62.47,72.73,-0.8103063993220552,-71.8818359375,0.518205419939662,9280.0,185886.0,0
2020-05-27,XX,3.11,45.54,0.88,-14.18,63.97,75.54,3.8410971222694656,345.96484375,0.5176582374786458,10738.0,204872.0,0
2020-05-28,XX,3.08,44.25,0.88,-13.54,63.96,76.82,3.686071480897355,344.7333984375,0.517932529848318,10060.0,239926.0,0
2020-05-29,XX,2.85,44.14,0.84,-13.31,62.39,75.71,-0.913557886418624,-86.626953125,0.5188332094451504,10312.0,243230.0,0
2020-05-30,XX,2.74,41.21,0.73,-12.13,61.45,76.43,2.730538972956484,261.2900390625,0.5204824147164822,8556.0,269904.0,0
2020-05-31,XX,3.75,40.92,0.65,-12.12,55.33,71.09,-2.4984292562996218,-239.35546875,0.5199122286335058,6280.0,205856.0,0
2020-06-01,XX,4.1,42.1,0.7,-11.26,55.34,71.41,7.198931640233779,706.2099609375,0.5190037816879907,7280.0,200194.0,0
2020-06-02,XX,2.92,39.1,0.5,-12.82,62.68,73.22,-6.4749474802836655,-637.46484375,0.5188186180933742,10562.0,246418.0,0
2020-06-03,XX,2.77,37.42,0.5,-14.79,60.21,73.95,1.3229694990896244,126.9140625,0.5184567052401166,11358.0,222308.0,0
2020-06-04,XX,2.45,38.31,0.5,-16.26,60.05,73.99,1.4793539385652563,143.9189453125,0.5185481979902895,10870.0,276104.0,0
2020-06-05,XX,2.39,39.2,0.59,-16.8,59.6,73.81,-1.3881075272663914,-135.103515625,0.5194715351759736,10242.0,267114.0,0
2020-06-06,XX,2.4,38.58,0.46,-10.19,59.91,73.41,-0.1227122158605094,-11.853515625,0.5198893546487908,8164.0,259252.0,0
2020-06-07,XX,3.24,39.33,0.45,-5.33,55.66,70.94,1.083566835863477,105.1728515625,0.518715084386635,6232.0,221980.0,0
2020-06-08,XX,3.24,41.1,0.61,-5.11,56.69,68.22,0.1294060354383242,12.63671875,0.517898982989307,8670.0,206422.0,0
2020-06-09,XX,2.38,38.83,0.34,-3.25,61.66,73.27,0.2474647666023554,24.2109375,0.5172950925080817,10222.0,252640.0,0
2020-06-10,XX,2.52,38.0,0.42,-8.39,58.86,72.95,0.756591700730524,74.39453125,0.517157611938211,10868.0,273638.0,0
2020-06-11,XX,2.2,37.19,0.46,-7.58,59.1,74.33,-5.715571914128428,-548.3134765625,0.5172825410358941,10162.0,270908.0,0
2020-06-12,XX,2.36,37.76,0.89,-6.85,58.19,73.72,1.691958379014404,159.0625,0.5177992784119989,9470.0,255486.0,0
2020-06-13,XX,3.24,38.8,1.04,-17.8,58.83,73.51,-0.0587293822661802,-5.56640625,0.5180868840230661,8798.0,267264.0,0
2020-06-14,XX,3.19,41.45,0.57,-25.93,53.06,68.34,-0.9382843818570022,-88.4892578125,0.5175133794814957,7320.0,263766.0,0
2020-06-15,XX,3.13,41.09,0.62,-25.41,52.99,70.21,0.6785862337686215,63.9140625,0.516661837516471,7976.0,249546.0,0
2020-06-16,XX,2.25,39.23,0.49,-25.4,58.93,73.19,0.9197339368026768,87.322265625,0.5170971694698305,14268.0,288774.0,0
2020-06-17,XX,2.62,38.8,0.77,-18.31,58.26,73.28,-0.6075177257296804,-57.76953125,0.5172888724922908,10960.0,286292.0,0
2020-06-18,XX,2.78,37.34,0.88,-17.2,57.7,74.17,-0.724264397501192,-68.4140625,0.5174361002975782,10648.0,286686.0,0
2020-06-19,XX,2.32,36.71,0.52,-16.11,58.29,73.23,-1.3243316204145583,-123.822265625,0.5186149901336023,12694.0,361588.0,0
2020-06-20,XX,2.47,37.84,0.48,-4.63,56.26,72.28,0.4760633072752032,44.322265625,0.5193625677413974,8870.0,371222.0,0
2020-06-21,XX,3.12,39.31,0.58,3.09,53.51,70.07,-0.3081241183796443,-28.7109375,0.517693865331531,9178.0,185856.0,0
2020-06-22,XX,3.49,41.69,1.13,12.59,52.98,69.86,3.6420399315631338,345.087890625,0.5170018252314602,7590.0,284248.0,0
2020-06-23,XX,2.52,38.58,0.7,12.68,59.48,71.29,-0.1977301049161919,-19.0595703125,0.5171646808032668,11164.0,337078.0,0
2020-06-24,XX,2.86,37.62,0.51,12.94,58.08,71.54,-3.337092327377984,-316.0478515625,0.5165244421463402,10934.0,342460.0,0
2020-06-25,XX,3.24,38.79,0.44,12.78,59.83,72.89,-0.5253081495321346,-48.796875,0.5163351739722611,10164.0,358628.0,0
2020-06-26,XX,2.67,39.17,0.46,11.79,58.53,73.88,-1.1059043986902697,-101.8955078125,0.5175733358146233,10160.0,385268.0,0
2020-06-27,XX,3.2,39.05,0.6,11.86,56.88,72.77,-1.2909378740095026,-117.52734375,0.5179965735129712,9382.0,352142.0,0
2020-06-28,XX,3.24,40.73,0.49,14.46,54.95,69.32,1.0796911071170563,98.19140625,0.5172484638033021,7144.0,336862.0,0
2020-06-29,XX,4.28,41.29,0.64,11.9,53.71,70.5,0.5156696867222046,47.2724609375,0.5164229801179381,8042.0,305144.0,0
2020-06-30,XX,2.82,39.35,0.6,11.52,58.56,73.18,-0.5768117633966838,-52.861328125,0.5162625221335102,10474.0,367484.0,0
2020-07-01,XX,2.54,38.38,0.46,10.48,58.38,72.17,0.983678469207803,90.33203125,0.5163340299061687,10740.0,429952.0,0
2020-07-02,XX,2.51,38.61,0.56,8.75,56.94,72.9,-1.143392491801127,-104.9150390625,0.5166084505975973,10954.0,409166.0,0
2020-07-03,XX,2.86,38.44,0.37,11.68,56.29,72.67,-0.3965412107265914,-36.1064453125,0.5171554735131183,10468.0,404928.0,0
2020-07-04,XX,3.28,38.9,0.43,11.97,55.44,73.17,0.4959953765059784,45.1845703125,0.517530019329083,9530.0,379360.0,0
2020-07-05,XX,3.03,40.89,0.38,9.03,52.43,70.51,-0.6431364974036432,-58.5458984375,0.5169852700206727,7600.0,372130.0,0
2020-07-06,XX,4.58,41.99,0.75,9.35,53.94,72.42,3.2690364054528693,301.5322265625,0.5159552061460007,8428.0,336162.0,0
2020-07-07,XX,2.92,39.19,0.51,9.9,57.21,72.98,-1.3227475028494522,-123.197265625,0.5159619725277592,12766.0,419088.0,0
2020-07-08,XX,2.56,39.28,0.5,10.47,55.54,73.08,1.884958505462196,176.0556640625,0.5159438958403727,11264.0,430084.0,0
2020-07-09,XX,3.0,38.5,0.6,11.98,57.91,72.34,-1.6076772716190906,-150.365234375,0.5163018870982641,11606.0,448146.0,0
2020-07-10,XX,2.67,37.56,0.64,9.38,56.32,74.03,0.0090516130404552,0.83984375,0.5169816620885198,11484.0,466238.0,0
2020-07-11,XX,2.75,37.83,0.67,9.0,55.72,72.26,-0.4153644618958577,-38.4609375,0.5174129715549196,10208.0,425626.0,0
2020-07-12,XX,3.95,40.6,1.09,4.96,53.4,70.42,0.3904916088340389,36.1533203125,0.5165567859487737,8570.0,385602.0,0
2020-07-13,XX,3.84,41.92,0.72,-2.99,51.3,72.09,-0.3551357868856212,-32.8857421875,0.5158607685584424,8760.0,388662.0,0
2020-07-14,XX,2.52,38.07,0.62,-6.9,56.85,71.74,-0.0043316313902609,-0.400390625,0.5156348298165158,11974.0,442180.0,0
2020-07-15,XX,2.68,38.75,0.53,-9.14,57.04,73.55,-0.5465061808117077,-50.376953125,0.5153961201368822,11792.0,458592.0,0
2020-07-16,XX,3.18,38.68,0.45,-11.25,58.31,73.4,-0.6614939463274875,-60.609375,0.5156941725413655,12330.0,489904.0,0
2020-07-17,XX,3.07,37.78,0.45,-9.28,56.99,73.69,0.2096417007004294,19.1650390625,0.5164473464834097,13982.0,475048.0,0
2020-07-18,XX,2.76,38.55,0.56,-9.38,56.03,73.66,0.0835311927582492,7.6474609375,0.5170319276898114,13000.0,470330.0,0
2020-07-19,XX,2.95,38.51,0.52,-9.39,52.1,71.25,0.2919331794375805,26.77734375,0.5165080687369361,9782.0,423722.0,0
2020-07-20,XX,3.15,40.21,0.56,-8.3,48.05,72.71,-0.2352685560559483,-21.5859375,0.5157213856106766,7844.0,416642.0,0
2020-07-21,XX,2.7,37.49,0.41,-7.01,57.26,72.18,2.2726572419009328,210.65625,0.5155156640375047,12714.0,485988.0,0
2020-07-22,XX,2.64,38.28,0.58,-7.45,55.76,73.86,1.5923467431184803,150.4755859375,0.5156759696346277,14742.0,550548.0,0
2020-07-23,XX,3.1,37.3,0.38,-6.86,56.11,73.87,0.5831453188377249,55.708984375,0.5158476682831721,13284.0,559668.0,0
2020-07-24,XX,2.6,39.49,0.47,-9.38,57.95,74.39,-0.4621806400934839,-44.1796875,0.5165224117466917,12910.0,567148.0,0
2020-07-25,XX,2.67,37.45,0.49,-16.34,58.53,74.39,1.4595935230040646,140.220703125,0.5170642713310596,12144.0,499640.0,0
2020-07-26,XX,3.49,39.59,0.52,-19.33,53.66,71.83,2.329289732455888,228.0537109375,0.5162313913732521,8706.0,424130.0,0
2020-07-27,XX,3.24,39.05,0.54,-12.41,51.7,72.92,10.400866598506177,1085.7060546875,0.515295033081925,10556.0,468292.0,0
2020-07-28,XX,2.81,40.12,0.36,-11.78,57.8,73.52,-0.7126663372121388,-78.0498046875,0.5150103110694064,13892.0,528852.0,0
2020-07-29,XX,2.99,39.02,1.01,-12.45,56.94,75.09,1.704870717725163,187.64453125,0.5147322045442307,13302.0,540996.0,0
2020-07-30,XX,2.8,38.67,1.23,-14.88,57.09,74.8,0.0967607474508187,10.74609375,0.514894571211761,13498.0,563404.0,0
2020-07-31,XX,2.47,38.55,1.08,-15.92,59.7,74.7,1.892242337372686,212.2529296875,0.5156723047229477,13170.0,575592.0,0
2020-08-01,XX,2.61,37.84,0.49,-11.39,58.0,75.81,3.779203373214687,436.1259765625,0.5157029779005733,12004.0,492062.0,0
2020-08-02,XX,3.94,35.98,0.46,-8.54,54.63,73.24,-6.191185712282564,-705.978515625,0.5148687440491856,9318.0,461378.0,0
2020-08-03,XX,3.78,40.42,1.11,-16.58,53.35,72.0,1.7286053356239672,192.734375,0.5139165239048986,9584.0,412444.0,0
2020-08-04,XX,2.23,36.15,0.88,-16.85,55.74,73.06,-0.360374700155298,-40.4560546875,0.5136923089365679,14344.0,530890.0,0
2020-08-05,XX,2.36,35.49,0.59,-14.99,55.97,74.59,4.716003790353572,541.1298828125,0.5135646265778135,14772.0,551376.0,0
2020-08-06,XX,2.41,36.69,0.41,-12.5,57.23,74.5,0.2784144331385825,32.7509765625,0.5138127410449994,13636.0,573442.0,0
2020-08-07,XX,3.05,36.78,0.97,-11.64,60.39,75.02,-1.525190204918765,-178.30078125,0.5143533256140504,13486.0,565068.0,0
2020-08-08,XX,2.44,36.32,0.83,-8.6,57.86,74.19,1.3065469924046942,152.5732421875,0.5147959707762115,12022.0,530038.0,0
2020-08-09,XX,2.99,36.24,0.63,-3.57,56.58,72.45,-0.6684391826167339,-78.306640625,0.5140862036520977,10338.0,465830.0,0
2020-08-10,XX,3.69,37.05,0.8,-4.6,52.42,75.1,1.718420090459035,202.3720703125,0.5133243075891571,10726.0,467724.0,0
2020-08-11,XX,2.28,34.98,0.41,-4.03,55.76,73.07,-4.016111286278769,-467.5859375,0.5130024247283909,13266.0,532104.0,0
2020-08-12,XX,2.55,35.3,0.49,-4.62,54.7,73.99,1.5169300755772668,174.4091796875,0.5128315276503557,13892.0,549868.0,0
2020-08-13,XX,2.4,35.41,0.45,-10.69,54.08,73.87,1.7048853955416796,199.203125,0.5129637638582203,13584.0,580566.0,0
2020-08-14,XX,2.37,35.98,0.77,-9.28,55.87,73.82,-0.1296361228177031,-15.2666015625,0.5134986021040271,13160.0,614534.0,0
2020-08-15,XX,2.12,34.96,0.56,-12.28,55.03,74.13,0.8193734253123777,96.8271484375,0.513555630792947,12034.0,496778.0,0
2020-08-16,XX,2.72,35.55,0.45,-17.17,52.4,72.82,0.2281749965852037,27.10546875,0.5127999834413874,9572.0,419858.0,0
2020-08-17,XX,3.04,35.5,0.56,-12.7,50.45,73.69,2.995176040988424,361.5986328125,0.5119509937139399,9234.0,427516.0,0
2020-08-18,XX,3.01,34.49,0.39,-12.14,53.29,72.65,-2.170941475499902,-263.1689453125,0.5116800016436138,14104.0,519276.0,0
2020-08-19,XX,2.95,34.74,0.55,-11.05,53.16,74.0,-1.961788699136637,-232.9501953125,0.5114402867015846,14012.0,554544.0,0
2020-08-20,XX,2.7,33.6,0.86,-5.33,53.53,73.65,1.016132774175868,120.0888671875,0.5115207347042193,12896.0,542930.0,0
2020-08-21,XX,2.11,33.33,0.58,-4.62,55.14,73.47,-2.436186279312502,-285.8828125,0.5118535616652655,11484.0,523802.0,0
2020-08-22,XX,3.41,34.47,0.46,-2.05,53.53,74.17,0.7676821280393403,89.3359375,0.5121992445958754,11620.0,525562.0,0
2020-08-23,XX,4.17,34.87,0.69,2.81,48.6,72.22,-0.1454386426971693,-16.9775390625,0.511369581402931,8626.0,405006.0,0
2020-08-24,XX,3.79,34.27,0.7,0.95,49.24,74.2,0.9364458635234828,109.748046875,0.5106772989006739,9672.0,457486.0,0
2020-08-25,XX,2.33,34.44,0.61,2.14,53.55,73.98,-3.5306004408532354,-408.4609375,0.5104530010888356,13146.0,491364.0,0
2020-08-26,XX,2.48,34.14,0.52,1.34,53.98,74.95,1.06963347639654,122.228515625,0.5105726597594428,13126.0,562554.0,0
2020-08-27,XX,2.58,32.37,0.55,3.07,53.52,74.12,-1.4463477673961749,-164.9658203125,0.5106582851451562,12444.0,574850.0,0
2020-08-28,XX,2.24,31.45,0.39,1.83,54.4,74.53,1.916471859560327,219.1025390625,0.511208742189996,11654.0,567860.0,0
2020-08-29,XX,3.19,32.04,0.44,0.51,52.93,73.19,-0.309204124745403,-35.634765625,0.5114162725891577,11640.0,520604.0,0
2020-08-30,XX,3.36,30.93,0.51,1.81,46.89,69.7,1.7627931208674323,204.640625,0.5108597599639282,8530.0,438544.0,0
2020-08-31,XX,2.41,32.06,0.46,3.79,47.18,73.8,-0.2623558191725,-30.685546875,0.5103752291344974,8850.0,529966.0,0
2020-09-01,XX,2.22,33.48,0.38,3.93,53.96,73.64,2.449528784504093,289.658203125,0.5102260749043841,13194.0,533854.0,0
2020-09-02,XX,2.16,32.81,0.44,5.58,51.87,74.49,-4.759982836281475,-556.4443359375,0.5101829334022737,12582.0,563504.0,0
2020-09-03,XX,2.39,33.05,0.51,5.1,52.38,74.74,-10.8024907829682,-1168.7373046875,0.5102525487103267,12208.0,571204.0,0
2020-09-04,XX,2.59,33.43,0.93,4.89,52.89,74.68,2.568095890557452,266.5166015625,0.5107831835272141,11742.0,602568.0,0
2020-09-05,XX,3.12,32.78,0.56,6.48,52.24,73.18,-3.310004713411871,-342.24609375,0.5108290074888682,10240.0,547096.0,0
2020-09-06,XX,2.81,31.51,0.52,6.39,47.75,71.67,1.0834787536525494,110.7841796875,0.5102236881260857,8244.0,457278.0,0
2020-09-07,XX,2.06,30.25,0.47,1.58,45.53,72.03,0.8640468391535637,89.2119140625,0.5102835553569909,19220.0,436772.0,0
2020-09-08,XX,2.51,32.08,0.31,1.66,50.25,70.77,-2.322390559011147,-238.046875,0.5098853095219484,10274.0,492230.0,0
2020-09-09,XX,2.28,32.9,0.52,0.6,52.13,73.99,1.0879835709758443,110.8310546875,0.5097746488728885,12516.0,570580.0,0
2020-09-10,XX,2.86,31.94,0.72,0.7,53.03,74.1,1.1724294913524442,120.791015625,0.5099489822331553,12036.0,608458.0,0
2020-09-11,XX,3.09,31.95,0.71,0.62,52.74,74.15,0.3638635248421432,37.7763671875,0.5105101047299119,12006.0,631806.0,0
2020-09-12,XX,2.83,31.49,0.62,-0.79,50.76,73.27,0.3958714499077175,41.255859375,0.5101357772663587,10112.0,576870.0,0
2020-09-13,XX,2.75,31.85,0.5,-8.74,49.4,70.87,-1.1404867595945654,-118.4150390625,0.5099179211011917,7906.0,496830.0,0
2020-09-14,XX,3.02,31.98,0.6,2.4,46.44,72.89,3.4003650927763864,357.08203125,0.5095422349815465,9186.0,534708.0,0
2020-09-15,XX,2.25,31.23,0.5,2.17,52.33,73.06,1.081251074282432,116.11328125,0.5094297481031416,13152.0,562230.0,0
2020-09-16,XX,2.29,31.09,0.84,3.41,51.72,74.2,1.6347532426243052,177.9541015625,0.5092803738347758,11756.0,609092.0,0
2020-09-17,XX,2.57,31.66,0.9,4.27,52.48,75.02,-0.2364091830582051,-25.9150390625,0.5093910540210744,11300.0,630726.0,0
2020-09-18,XX,3.26,31.01,0.83,4.34,53.34,74.54,-0.0402336913790302,-4.404296875,0.5098868768283005,11716.0,653858.0,0
2020-09-19,XX,3.0,31.78,0.59,4.13,52.65,74.03,1.3590771382837723,149.7607421875,0.510006911398883,10636.0,585276.0,0
2020-09-20,XX,2.64,26.75,0.46,11.32,47.69,70.27,-1.41678855300922,-156.0751953125,0.5094952867356175,7934.0,509218.0,0
2020-09-21,XX,2.48,28.34,0.53,11.34,45.69,70.1,-4.449331082805089,-476.01171875,0.5090577331745625,8820.0,520568.0,0
2020-09-22,XX,2.37,30.44,0.53,11.64,51.74,72.33,0.7256944592073883,76.2001953125,0.5089215723018858,12342.0,568784.0,0
2020-09-23,XX,2.68,32.89,0.82,11.78,53.3,74.66,-2.812582881046784,-292.2734375,0.5088660696262921,13092.0,622664.0,0
2020-09-24,XX,2.33,31.08,0.75,10.75,53.37,72.52,4.893613643511954,513.8798828125,0.5089519827013507,11372.0,642306.0,0
2020-09-25,XX,2.11,31.2,0.62,11.19,53.21,74.08,-0.627888978372976,-67.349609375,0.5094308846146043,12040.0,660332.0,0
2020-09-26,XX,2.15,31.36,0.62,11.39,51.99,73.11,0.5410230472935921,58.0068359375,0.5095842995566244,10884.0,569438.0,0
2020-09-27,XX,4.1,29.95,0.48,12.57,47.36,71.96,0.228058318974124,24.5458984375,0.5090928303583987,7702.0,493788.0,0
2020-09-28,XX,2.54,30.12,0.37,5.3,47.8,71.18,-0.6108227146350323,-65.6171875,0.5085453188429797,8162.0,526720.0,0
2020-09-29,XX,2.36,30.14,1.44,4.88,50.91,71.41,1.2525583307515769,134.98828125,0.5083812588399419,12212.0,564848.0,0
2020-09-30,XX,2.87,32.2,0.67,3.47,52.9,73.76,-0.5561903231038765,-60.1494140625,0.5083435050762461,12924.0,649776.0,0
2020-10-01,XX,2.66,31.27,0.73,3.49,53.02,73.89,-1.5421675401221662,-165.0390625,0.5088120920716723,17812.0,638154.0,0
2020-10-02,XX,2.55,32.07,0.63,2.81,52.59,74.66,-0.4102545378274992,-43.4775390625,0.5092614533983165,11206.0,658882.0,0
2020-10-03,XX,2.53,41.12,1.2,2.7,51.12,75.78,-0.252261669770024,-26.6455078125,0.5093983365832855,9464.0,593272.0,0
2020-10-04,XX,3.13,41.73,1.38,-3.61,47.62,75.09,1.1334718114116693,120.25390625,0.5090060354657289,7982.0,518652.0,0
2020-10-05,XX,4.17,40.18,0.93,3.25,46.89,75.2,1.153227902473339,123.7568359375,0.5089583344258171,14134.0,624578.0,0
2020-10-06,XX,3.68,36.47,0.73,1.59,50.81,75.25,-1.7659664062251814,-188.93359375,0.5085229091818713,11718.0,631448.0,0
2020-10-07,XX,3.22,35.3,1.27,1.08,52.71,74.19,0.6069812450621233,64.5625,0.5085616813660898,11810.0,699928.0,0
2020-10-08,XX,2.97,34.21,0.8,-0.77,51.75,74.88,2.286138464731422,246.716796875,0.5089028452565801,12734.0,719558.0,0
2020-10-09,XX,2.73,36.06,0.99,-1.2,53.12,74.29,1.3537193923190285,148.7724609375,0.5094377750384063,12384.0,720024.0,0
2020-10-10,XX,3.0,34.75,0.94,-2.64,53.52,75.2,2.074267777372715,231.9033203125,0.5092627202987863,9784.0,707882.0,0
2020-10-11,XX,3.75,34.23,0.69,3.37,47.5,71.91,0.7744148940002065,87.8203125,0.5089126388755751,8258.0,577322.0,0
2020-10-12,XX,2.38,33.05,0.66,4.64,46.32,72.37,1.4924866101628098,171.181640625,0.5084511742864886,8132.0,586288.0,0
2020-10-13,XX,2.51,32.82,0.46,5.16,50.79,72.71,-1.1267025530866026,-129.4638671875,0.5081449761336168,10838.0,638744.0,0
2020-10-14,XX,2.52,34.54,0.57,4.83,52.43,74.21,0.0315673400463534,3.607421875,0.5081500647651762,12384.0,764234.0,0
2020-10-15,XX,1.97,34.18,0.72,5.54,52.68,74.79,0.5744241377636975,65.8427734375,0.5084015573886203,12380.0,815400.0,0
2020-10-16,XX,3.45,36.02,0.77,5.38,52.73,74.81,-1.518396829079633,-173.2265625,0.5089625417249883,12430.0,821126.0,0
2020-10-17,XX,3.5,35.58,0.56,5.99,53.14,74.08,0.3172679849898212,35.978515625,0.5093228757661863,11404.0,738674.0,0
2020-10-18,XX,3.1,34.27,0.83,4.72,47.4,72.59,1.0967693217915129,125.2578125,0.5091223915900402,7722.0,658840.0,0
2020-10-19,XX,2.81,33.98,0.98,1.76,48.16,73.41,2.227634146506345,258.677734375,0.5088783495290827,9490.0,754754.0,0
2020-10-20,XX,3.1,34.55,0.58,1.56,51.05,73.16,1.4734826605249336,174.2978515625,0.5087981023508577,13296.0,781170.0,0
2020-10-21,XX,1.98,33.51,0.36,1.5,52.19,74.76,7.338405430586939,907.3544921875,0.508889730505631,13724.0,886338.0,0
2020-10-22,XX,2.6,34.25,0.75,0.15,52.16,74.42,1.1027987566796662,142.2021484375,0.5091670959388943,11870.0,953058.0,0
2020-10-23,XX,2.68,33.67,0.75,1.48,53.46,75.13,-0.2652970455378322,-34.3525390625,0.5099346622938353,14134.0,990948.0,0
2020-10-24,XX,3.2,34.52,1.13,1.46,52.59,74.42,1.355828284978525,176.5234375,0.5101991504687391,11748.0,905482.0,0
2020-10-25,XX,3.0,34.05,0.9,0.9,48.79,73.85,-0.5883025247512491,-76.888671875,0.5097758458005567,8532.0,715768.0,0
2020-10-26,XX,3.37,36.27,0.56,2.31,46.66,74.17,0.3376507193093888,44.07421875,0.5096845342960882,11254.0,972214.0,0
2020-10-27,XX,2.34,33.0,0.49,1.89,52.2,73.1,4.332755896265355,578.970703125,0.5097309964662935,14936.0,937810.0,0
2020-10-28,XX,2.59,32.57,0.48,1.69,54.35,74.82,-2.8445849418455493,-382.93359375,0.5097243564169713,14438.0,1041882.0,0
2020-10-29,XX,3.02,33.87,0.8,3.87,55.07,75.19,1.247510345864666,166.59765625,0.5100522042184883,14428.0,1104042.0,0
2020-10-30,XX,3.44,33.18,0.81,2.83,55.53,75.78,0.8052075583308513,108.6396484375,0.5109194592688489,15390.0,1144928.0,0
2020-10-31,XX,3.04,32.53,0.57,-0.43,53.24,75.34,1.7160608140630422,234.47265625,0.5108729109191161,13200.0,936634.0,0
2020-11-01,XX,3.93,35.07,0.76,-10.56,47.26,74.51,-0.3189593193523672,-43.8857421875,0.5104565201924947,10268.0,872594.0,0
2020-11-02,XX,4.26,34.82,1.62,-24.0,47.52,74.41,-1.367823012311885,-186.6201171875,0.5103542613315936,12370.0,1117376.0,0
2020-11-03,XX,3.83,33.01,1.09,-23.84,51.82,73.99,2.907841515337468,399.8115234375,0.5104844415829675,18984.0,1110714.0,0
2020-11-04,XX,4.26,33.76,1.02,-23.93,52.89,74.32,1.3061444695718671,183.40625,0.5104461725165321,20330.0,1011160.0,0
2020-11-05,XX,2.87,32.45,1.35,-22.74,52.84,72.56,9.741581080424416,1446.1416015625,0.5109554159108772,17432.0,1240782.0,0
2020-11-06,XX,2.45,31.23,0.5,-22.72,54.64,73.37,-0.0896930308048076,-13.9677734375,0.5117304999582897,18248.0,1244188.0,0
2020-11-07,XX,3.01,29.91,0.72,-18.83,53.77,74.42,-4.817614127429782,-732.126953125,0.511851450460171,15392.0,1183528.0,0
2020-11-08,XX,4.16,30.32,0.51,-6.55,48.13,72.79,4.261566759184631,645.8134765625,0.5112455610749131,12206.0,975578.0,0
2020-11-09,XX,3.52,32.64,0.53,2.17,50.97,74.18,-0.9558200327301026,-147.251953125,0.5108486968919572,14414.0,1001426.0,0
2020-11-10,XX,2.58,36.15,0.75,1.2,52.7,73.12,-0.2704687109614758,-41.4130859375,0.5107651591076527,20146.0,1159368.0,0
2020-11-11,XX,2.01,33.12,0.4,0.61,54.54,74.94,2.6488015591815355,410.4375,0.5107960849861686,21046.0,1253940.0,0
2020-11-12,XX,2.66,34.55,0.33,-0.48,53.54,74.63,3.596670089126322,575.00390625,0.5110127030788849,19578.0,1288746.0,0
2020-11-13,XX,2.73,34.5,0.28,0.49,54.39,75.47,0.2544313205715565,41.46484375,0.5116691845341225,19536.0,1320176.0,1
2020-11-14,XX,3.84,35.62,0.52,-1.25,53.68,75.22,-1.5418716403050703,-249.669921875,0.5119298567899531,18130.0,1160428.0,0
2020-11-15,XX,3.44,37.06,0.64,1.98,48.4,74.79,-0.7029240926094911,-112.55078125,0.511262658247859,13176.0,952382.0,0
2020-11-16,XX,3.15,36.83,0.71,7.55,46.98,74.82,4.656389869041283,760.5234375,0.510686770324881,15880.0,1052630.0,1
2020-11-17,XX,2.93,36.95,0.74,8.58,51.54,74.0,5.410247584413837,929.294921875,0.5106241840998802,22186.0,1224920.0,0
2020-11-18,XX,2.57,35.13,0.8,9.45,52.91,74.62,0.8947999876361636,158.599609375,0.5105926124244506,22856.0,1255450.0,0
2020-11-19,XX,2.46,36.95,0.55,7.87,53.61,74.32,0.0734620016883204,13.083984375,0.5108471070761551,22306.0,1310402.0,0
2020-11-20,XX,3.31,38.04,0.8,6.71,54.88,75.83,4.414876269819295,804.224609375,0.5116537588486524,23540.0,1347178.0,0
2020-11-21,XX,3.88,38.23,0.82,6.33,54.07,74.69,0.1122704235179979,20.91796875,0.5117855555780753,18060.0,1171840.0,0
2020-11-22,XX,5.03,37.34,0.73,2.83,49.76,72.8,-1.4710561659748134,-272.23046875,0.5110924379021775,14882.0,974802.0,0
2020-11-23,XX,2.77,39.29,0.44,4.33,46.96,74.64,-0.0320185099708874,-5.880859375,0.5105352565020748,17054.0,1065034.0,0
2020-11-24,XX,2.13,36.79,0.3,3.39,52.45,73.1,3.968026776556164,743.34375,0.5104386179813485,25466.0,1187724.0,0
2020-11-25,XX,3.3,35.98,0.61,2.35,53.67,75.11,-1.983933237463808,-375.34375,0.5102774284158637,24274.0,1262438.0,0
2020-11-26,XX,2.46,37.62,0.84,1.87,54.03,74.82,-8.820525362378572,-1581.498046875,0.5103761994869654,22084.0,1186578.0,0
2020-11-27,XX,2.89,35.31,0.44,-6.19,51.87,73.51,-0.2464794256028328,-42.220703125,0.5110553291466542,22912.0,1384614.0,0
2020-11-28,XX,2.94,36.3,0.83,-4.96,52.8,72.19,3.497829330026782,609.01171875,0.5111693017626981,18532.0,1200206.0,0
2020-11-29,XX,3.03,34.91,0.88,-3.97,47.52,72.5,2.5635704702410123,460.0703125,0.5104033372908161,14590.0,969736.0,0
2020-11-30,XX,3.92,32.56,0.54,-6.34,49.38,73.52,7.666315234015364,1448.3515625,0.5097988192989412,17934.0,1010162.0,0
2020-12-01,XX,2.79,35.22,0.53,-6.3,53.17,74.35,-4.283053060242914,-822.837890625,0.5099157403159685,25518.0,1249688.0,0
2020-12-02,XX,2.66,36.68,1.17,-4.86,52.82,74.96,2.095081413730893,398.09375,0.5098261643499804,25286.0,1290572.0,0
2020-12-03,XX,2.97,36.41,0.51,-1.55,52.53,74.79,1.264331604618068,244.306640625,0.5101920551957217,25200.0,1385830.0,0
2020-12-04,XX,2.05,35.03,1.08,7.3,53.61,75.75,-3.9099467524232567,-745.6328125,0.5109257589617133,24920.0,1379340.0,0
2020-12-05,XX,2.07,36.28,0.93,6.89,53.35,74.03,2.401261307587592,454.46484375,0.5112247690912423,20676.0,1294184.0,0
2020-12-06,XX,3.16,33.88,0.79,5.75,49.34,74.23,0.9916644389898552,190.890625,0.5105688521058167,15458.0,1074892.0,0
2020-12-07,XX,2.71,36.31,0.88,2.05,47.54,74.91,-0.7965956561317785,-153.490234375,0.5099484781415864,17424.0,1052666.0,0
2020-12-08,XX,2.88,36.46,0.53,3.46,53.15,74.83,-4.641845955624486,-870.486328125,0.5097465536684364,24630.0,1290710.0,0
2020-12-09,XX,3.56,35.57,0.35,3.44,52.63,74.78,1.2625041029578563,232.771484375,0.5096417775659389,25340.0,1344764.0,0
2020-12-10,XX,2.91,34.83,0.43,3.46,51.7,75.04,-1.5694640220805651,-288.923828125,0.5112692391342162,25330.0,3011646.0,0
2020-12-11,XX,1.87,33.67,0.8,1.91,52.89,73.75,-1.134735653015145,-206.087890625,0.511893198293804,26128.0,1411458.0,0
2020-12-12,XX,2.56,34.22,0.5,-1.09,50.72,74.88,4.041245632345914,744.751953125,0.5121712142932935,21518.0,1287310.0,0
2020-12-13,XX,2.36,36.25,0.72,0.16,47.62,73.64,1.7853539827284988,338.7265625,0.5115411487855623,15654.0,1068162.0,0
2020-12-14,XX,2.77,34.8,0.61,-7.08,48.51,74.65,0.5431863337978572,104.26171875,0.5109557515326543,18344.0,1082170.0,0
2020-12-15,XX,2.62,35.9,0.89,-8.34,52.81,73.97,0.8816158477203611,170.431640625,0.5094485988693875,27552.0,1333406.0,0
2020-12-16,XX,2.0,34.83,0.97,-9.69,51.51,74.48,9.30515975767781,1893.521484375,0.5094537146813418,27756.0,1446338.0,0
2020-12-17,XX,2.74,35.2,0.73,-13.03,52.49,75.04,6.778242711074886,1494.564453125,0.5097355409195758,26768.0,1484642.0,0
2020-12-18,XX,2.74,33.89,0.97,-22.36,53.79,73.9,1.4487680725324006,332.798828125,0.5103543718703036,25876.0,1443328.0,0
2020-12-19,XX,2.89,36.15,1.0,-32.16,52.55,74.24,3.1140804146840155,731.87109375,0.5105604357582102,22056.0,1252832.0,0
2020-12-20,XX,4.41,40.85,1.0,-46.05,48.59,74.36,-1.6581622945616774,-392.537109375,0.5098463693873754,16132.0,1063348.0,1
2020-12-21,XX,4.81,41.97,1.47,-48.32,47.9,74.62,-2.9138076932326973,-674.212890625,0.5091731522996192,19134.0,1096818.0,0
2020-12-22,XX,4.22,37.95,0.78,-51.06,54.64,74.73,4.207656794577848,979.947265625,0.5090321941743132,28406.0,1337062.0,0
2020-12-23,XX,4.2,38.46,0.51,-62.92,53.79,75.74,-2.303943666300964,-541.68359375,0.5089690108441188,27608.0,1383574.0,0
2020-12-24,XX,3.86,37.29,0.63,-61.06,53.58,74.67,2.1057908650393338,494.603515625,0.5090585196037649,23646.0,1379132.0,0
2020-12-25,XX,4.11,39.08,0.71,-50.62,52.21,75.23,3.838601817057906,928.841796875,0.5089964626862988,17468.0,991650.0,0
2020-12-26,XX,3.61,38.73,0.63,-39.56,50.21,72.86,6.9389186050181335,1772.24609375,0.5087374608164961,15134.0,1011730.0,0
2020-12-27,XX,3.95,38.45,0.73,-25.56,51.39,74.75,-0.6250988870123867,-164.7421875,0.5078303842989509,15502.0,823202.0,0
2020-12-28,XX,3.38,36.3,0.58,-13.5,52.35,76.15,3.045804329424125,812.513671875,0.5071899587665867,19220.0,1002640.0,0
2020-12-29,XX,2.5,36.8,1.69,-13.43,51.36,74.56,1.019817648627593,277.62890625,0.5073371500741757,30198.0,1353964.0,0
2020-12-30,XX,3.48,38.21,0.49,-0.19,52.43,75.58,5.262518188935121,1478.515625,0.5081205285805577,31266.0,1470588.0,0
2020-12-31,XX,3.12,40.37,0.52,-2.29,52.31,76.21,0.5558802229052879,160.767578125,0.5089419403564253,26504.0,1661488.0,0
2021-01-01,XX,3.99,39.23,0.56,-1.69,54.68,77.04,1.2759952848226697,372.431640625,0.509284540311187,19522.0,1161658.0,0
2021-01-02,XX,3.16,40.66,0.57,-1.33,51.92,74.79,8.959001114880643,2753.115234375,0.5092688320986676,16850.0,1158078.0,0
2021-01-03,XX,1.96,37.59,0.38,-11.25,50.56,75.89,2.017517240339316,654.755859375,0.5084783003564846,15302.0,1040466.0,0
2021-01-04,XX,1.81,36.22,0.64,-25.58,49.69,74.75,-2.502246735581663,-810.109375,0.5077872258616414,20114.0,1117632.0,0
2021-01-05,XX,2.47,34.73,0.75,-25.57,51.59,73.67,6.128001171320478,2020.515625,0.5077452554596966,30952.0,1496098.0,0
2021-01-06,XX,2.25,35.46,0.61,-36.66,51.3,74.98,8.002182823088061,2831.93359375,0.5083477293071135,30142.0,1592946.0,0
2021-01-07,XX,2.06,30.66,0.47,-33.31,50.03,73.42,6.687092425852742,2546.6796875,0.5091689792663301,30300.0,1779526.0,0
2021-01-08,XX,2.45,25.5,0.5,-36.31,48.23,72.66,3.559288987944869,1426.56640625,0.510038557271296,30794.0,1647948.0,0
2021-01-09,XX,1.9,31.67,0.46,-42.7,49.22,73.93,-1.3400522620513369,-543.0625,0.5104293115021553,25692.0,1511962.0,0
2021-01-10,XX,3.03,30.3,1.04,-45.86,48.19,71.47,-4.830048595686677,-1898.10546875,0.50970633559136,17662.0,1171784.0,0
2021-01-11,XX,2.5,30.05,0.69,-43.18,47.74,72.88,-7.551390060372581,-2789.78515625,0.5090648827540758,20164.0,1226220.0,0
2021-01-12,XX,2.31,30.86,0.84,-40.02,49.99,73.19,-4.731647785882869,-1643.6953125,0.5088596150416096,34334.0,1412472.0,0
2021-01-13,XX,2.66,33.66,0.73,-29.74,49.24,72.8,9.53397207362559,3393.3984375,0.5087755798347913,33746.0,1499984.0,0
2021-01-14,XX,2.0,31.26,0.82,-32.88,50.28,74.28,4.892161277885249,1870.96875,0.5088721762455544,30942.0,1514690.0,0
2021-01-15,XX,2.01,31.66,0.36,-32.45,48.76,74.84,-6.216649897230796,-2361.9609375,0.5094430907077363,30044.0,1541404.0,0
2021-01-16,XX,2.81,31.97,0.81,-27.53,49.8,74.06,-1.7731847143619857,-647.2265625,0.5096599878470748,27438.0,1307792.0,0
2021-01-17,XX,2.86,32.22,1.31,-18.09,48.33,71.76,-1.0750872199338055,-386.86328125,0.508866331113575,18170.0,1050726.0,0
2021-01-18,XX,2.83,31.73,1.79,-18.85,48.4,73.2,2.316538885922865,838.796875,0.5080737157453572,19542.0,1037290.0,0
2021-01-19,XX,2.66,32.89,0.45,-21.15,48.33,71.45,-1.5413522880192658,-560.26953125,0.5078670407562405,33212.0,1188060.0,0
2021-01-20,XX,2.06,32.05,0.7,-21.02,47.42,72.98,-1.4579216975338103,-522.0546875,0.5078913709766723,36040.0,1399964.0,0
2021-01-21,XX,2.36,32.11,0.59,-18.63,48.16,73.53,-14.252813081835994,-4722.05078125,0.5080422806604349,34310.0,1314326.0,0
2021-01-22,XX,1.88,31.14,0.58,-19.31,47.7,72.69,6.833341147530216,2180.0625,0.5085791377784875,32120.0,1325402.0,0
2021-01-23,XX,2.53,33.43,0.64,-18.82,48.45,73.33,-2.883464139426932,-938.119140625,0.5088431307229712,27842.0,1146796.0,0
2021-01-24,XX,2.64,30.65,0.59,-23.58,45.08,72.95,0.6890847351743181,221.736328125,0.5081932303112984,18394.0,919770.0,0
2021-01-25,XX,3.41,31.42,0.95,-9.99,46.9,72.39,0.2382268636790342,77.013671875,0.5074619165950632,22052.0,962070.0,0
2021-01-26,XX,2.26,33.3,0.92,-8.89,48.33,73.89,0.6266383460683916,203.45703125,0.5073071149122137,34822.0,1128906.0,0
2021-01-27,XX,2.85,31.89,0.65,-8.38,49.56,73.95,-6.787434522440919,-2137.302734375,0.5072556093520006,34710.0,1207608.0,0
2021-01-28,XX,2.64,32.38,0.82,-7.8,50.71,74.15,9.50202595471698,3033.55078125,0.5074317276961289,34058.0,1224690.0,0
2021-01-29,XX,2.63,31.1,0.89,-5.29,51.31,74.27,2.5090070847817985,850.2890625,0.5078967351931785,30776.0,1176608.0,0
2021-01-30,XX,2.6,31.65,0.39,-3.3,51.01,73.69,-0.1366557312901541,-46.86328125,0.5080419057565333,27012.0,1041006.0,0
2021-01-31,XX,2.7,29.94,0.45,2.96,46.93,73.39,-3.4289423389572344,-1155.1640625,0.5073036397890913,17542.0,772462.0,0
2021-02-01,XX,3.45,33.38,0.4,-9.62,46.71,74.37,1.26875420679964,422.81640625,0.5066824842524816,20704.0,887062.0,0
2021-02-02,XX,2.69,31.26,0.6,-9.58,49.13,73.35,5.716793887942044,1973.11328125,0.5063763776920134,30834.0,933474.0,0
2021-02-03,XX,2.09,31.09,0.57,-9.95,48.35,71.91,5.3773897801539,1961.80078125,0.5062997389668907,32070.0,1056614.0,0
2021-02-04,XX,1.9,27.92,0.54,-10.61,47.49,73.53,-1.467867670382311,-546.0234375,0.5061795701154185,26000.0,941680.0,1
2021-02-05,XX,2.05,27.41,0.59,-9.92,48.43,73.49,3.245885330843299,1218.2421875,0.5067741222052654,34276.0,1069804.0,0
2021-02-06,XX,1.94,29.24,0.68,-10.22,47.01,71.55,2.898274128113115,1121.703125,0.5067884866095391,22800.0,867904.0,0
2021-02-07,XX,2.02,26.14,0.56,-9.58,44.89,72.52,-0.9276588183404773,-362.5703125,0.5061893651458867,14596.0,699754.0,1
2021-02-08,XX,3.3,27.42,0.36,1.81,46.63,71.62,17.18205618881233,7293.0234375,0.5055868062943394,18808.0,678926.0,1
2021-02-09,XX,2.34,29.22,0.47,2.26,47.21,72.32,0.61426193854515,284.640625,0.5056131587082902,30862.0,818644.0,1
2021-02-10,XX,1.89,27.71,0.56,0.55,50.38,72.91,-3.420320342962812,-1562.921875,0.5053102414902424,28070.0,882782.0,1
2021-02-11,XX,1.86,25.64,0.44,0.79,49.11,73.04,6.446761605839371,2991.1484375,0.505420795332106,27558.0,889178.0,0
2021-02-12,XX,1.94,26.71,0.67,0.38,49.75,72.19,-0.8478464657924508,-404.48046875,0.5057882368898996,26056.0,860168.0,0
2021-02-13,XX,1.92,27.1,0.57,-1.92,47.75,71.97,-0.8441745251820123,-399.3359375,0.5058642650913887,20838.0,757780.0,0
2021-02-14,XX,3.52,24.75,0.39,-13.4,43.77,70.32,3.364387990623848,1611.7734375,0.5052739583451404,13298.0,615062.0,0
2021-02-15,XX,2.56,28.04,0.24,-20.44,43.53,71.15,-1.5978235928812496,-772.23046875,0.5047346545559475,14958.0,561654.0,1
2021-02-16,XX,1.67,27.84,1.42,-19.53,45.38,69.97,2.5835260740748702,1254.8125,0.5044952372791282,22704.0,722928.0,1
2021-02-17,XX,2.03,27.48,0.43,-17.57,46.12,71.96,5.821415216952158,2949.13671875,0.5043740640759384,23926.0,777072.0,0
2021-02-18,XX,2.01,29.27,0.41,-17.65,48.35,71.53,-0.9038226589304248,-469.2109375,0.5044679417560882,23838.0,821870.0,0
2021-02-19,XX,1.97,27.23,0.54,-18.08,49.88,71.72,7.828513543693166,4208.3359375,0.5048206705064588,23384.0,819818.0,1
2021-02-20,XX,1.85,26.73,0.55,-17.35,47.68,71.8,0.3775183520380102,211.38671875,0.5049740312279748,17502.0,747330.0,1
2021-02-21,XX,1.95,23.92,0.62,-7.51,43.89,67.69,2.535215971053203,1440.42578125,0.5046679867041628,13036.0,635356.0,1
2021-02-22,XX,1.9,25.56,0.41,-2.3,43.51,70.65,-5.966344725525414,-3332.625,0.5043197762481872,14748.0,590384.0,0
2021-02-23,XX,1.82,28.42,0.47,-2.89,46.84,71.71,-10.4585244501009,-5382.89453125,0.5042726233722729,23370.0,790340.0,0
2021-02-24,XX,1.3,25.51,0.37,-3.06,48.33,71.99,1.7881495738120443,880.90625,0.504337648561104,25064.0,895650.0,0
2021-02-25,XX,1.42,25.76,0.27,-2.55,48.73,72.87,-5.3969759252051706,-2611.48046875,0.5045024075940422,21314.0,905502.0,0
2021-02-26,XX,1.36,25.28,0.31,-1.68,51.39,72.57,-1.6142075456887308,-754.08984375,0.5048324667128381,21586.0,883048.0,0
2021-02-27,XX,2.2,25.8,0.28,-0.38,49.52,72.22,-0.3270542479989021,-151.30859375,0.5049830711793559,16988.0,791580.0,0
2021-02-28,XX,2.1,25.65,0.61,-10.49,44.11,70.83,-2.301047656676125,-1050.68359375,0.504607558348185,12528.0,614068.0,0
2021-03-01,XX,2.05,27.28,0.66,-8.76,44.66,72.63,9.490116032713884,4493.47265625,0.5042021280239182,15402.0,611014.0,0
2021-03-02,XX,1.62,28.34,0.6,-8.14,47.24,71.75,-2.5554925208490773,-1252.25390625,0.5040260625580811,20852.0,632236.0,1
2021-03-03,XX,2.04,26.8,0.66,-8.22,48.27,72.3,4.366472769390149,2159.25390625,0.5040584257530731,23518.0,888018.0,0
2021-03-04,XX,2.01,27.59,0.43,-9.82,47.4,72.92,-3.99061221991278,-1977.07421875,0.5042024233567243,20812.0,916578.0,0
2021-03-05,XX,1.58,25.49,0.4,-10.59,48.02,72.39,0.7511420176535919,366.13671875,0.5045441107228916,21030.0,898066.0,0
2021-03-06,XX,2.07,29.1,0.34,-10.01,47.88,71.78,-0.0305027039578307,-14.921875,0.5046651464135079,16192.0,826476.0,0
2021-03-07,XX,3.44,27.23,0.36,1.65,43.59,70.83,4.58396233606819,2294.30859375,0.5044978503585618,11790.0,744620.0,0
2021-03-08,XX,2.11,27.97,1.41,3.21,43.38,72.4,2.010313651550215,1039.83203125,0.5041214569519588,14508.0,608976.0,0
2021-03-09,XX,1.83,27.61,0.93,3.34,46.84,71.11,4.815684025323532,2577.59375,0.5040711070804871,21228.0,833618.0,0
2021-03-10,XX,1.66,25.22,0.34,3.68,47.39,71.25,2.137417979802778,1184.43359375,0.5040654320161776,20468.0,941818.0,0
2021-03-11,XX,2.2,26.65,0.56,4.94,48.8,72.64,3.157300039029776,1796.5703125,0.5042199417431026,20396.0,961452.0,0
2021-03-12,XX,2.42,28.59,0.41,5.22,49.53,72.3,-0.8216872853115568,-473.03125,0.504514812954178,19770.0,979462.0,1
2021-03-13,XX,2.58,28.45,0.57,3.14,47.91,71.62,6.599046126171279,3910.99609375,0.504710932474812,16778.0,908212.0,0
2021-03-14,XX,2.27,27.58,0.49,-6.04,43.5,70.26,-3.220259265928875,-1940.76953125,0.5044210368219251,11716.0,726756.0,1
2021-03-15,XX,2.54,30.5,0.48,-18.96,44.17,71.18,-5.895520841682183,-3395.1171875,0.5041652527167833,15352.0,705528.0,0
2021-03-16,XX,2.42,28.26,0.87,-19.5,46.43,70.64,1.5929471547609109,897.703125,0.5041592591832176,21294.0,941654.0,0
2021-03-17,XX,1.86,27.06,0.37,-20.07,47.14,70.47,3.5724187080357788,2065.9921875,0.5042375107495926,21198.0,1100124.0,0
2021-03-18,XX,2.62,27.07,0.74,-20.19,46.59,71.44,-1.733915191661339,-1011.97265625,0.5044248990190671,21472.0,1096314.0,0
2021-03-19,XX,2.4,27.71,0.51,-31.23,48.31,71.73,0.8394319050580128,487.73046875,0.5048388214520096,21660.0,1123796.0,0
2021-03-20,XX,2.24,26.78,0.41,-34.1,47.02,70.79,-0.056587912537511,-33.0078125,0.5050164588923806,17372.0,993802.0,0
2021-03-21,XX,2.71,26.44,0.29,-29.53,42.08,68.49,-1.3643904139846408,-790.22265625,0.5048633606537669,16868.0,871820.0,0
2021-03-22,XX,2.96,26.43,0.41,-29.51,43.6,70.03,-5.3456881044433056,-2994.27734375,0.504601127150847,16180.0,840674.0,0
2021-03-23,XX,2.13,25.82,0.37,-29.9,46.53,69.95,0.3840115432943856,209.80078125,0.5045880917720263,22998.0,1041154.0,0
2021-03-24,XX,2.15,25.53,0.44,-41.52,47.19,71.05,-3.655175777765765,-1964.6796875,0.5046385615768337,21398.0,1275320.0,1
2021-03-25,XX,2.46,25.76,0.48,-41.42,48.91,70.83,-2.048543291555645,-1070.10546875,0.5049003882309347,23082.0,1301968.0,1
2021-03-26,XX,2.12,27.28,0.65,-30.42,49.83,70.46,6.428841931989358,3433.15234375,0.5052753046643331,25528.0,1279586.0,0
2021-03-27,XX,1.87,25.48,0.41,-25.43,47.41,69.44,1.5051908974823298,836.19921875,0.5055082703917504,20318.0,1164596.0,0
2021-03-28,XX,2.88,26.37,0.42,-27.32,45.19,67.65,-0.0406804132703592,-22.765625,0.505257120989446,14452.0,953008.0,0
2021-03-29,XX,2.24,24.67,0.5,-22.34,44.26,68.6,3.165502939331705,1799.453125,0.50497495515394,17486.0,918378.0,0
2021-03-30,XX,2.7,28.28,0.37,-24.51,45.82,70.43,2.001460991998417,1167.4921875,0.5048985977755376,23998.0,1151402.0,0
2021-03-31,XX,1.97,26.27,0.42,-12.76,50.22,70.94,0.0019359447593354,1.140625,0.5049220107001051,25762.0,1365704.0,0
2021-04-01,XX,1.81,26.09,0.35,-12.23,48.38,71.35,0.2999232878687993,176.9765625,0.5051163943982905,24674.0,1416846.0,1
2021-04-02,XX,2.05,26.72,0.27,-12.41,45.9,70.06,0.4870090844088338,288.50390625,0.5053966202313633,21066.0,1277772.0,0
2021-04-03,XX,1.81,29.06,0.27,-11.24,46.06,69.61,-3.0439981167968613,-1780.421875,0.5054658372285299,18564.0,1053006.0,0
2021-04-04,XX,2.37,27.39,0.39,-12.76,42.68,69.29,1.9846643132378483,1154.6640625,0.5052288882119488,14728.0,1114838.0,0
2021-04-05,XX,1.93,27.15,0.27,-17.28,43.17,69.72,0.5081207326213134,299.32421875,0.5048301826263693,16594.0,984892.0,0
2021-04-06,XX,2.27,26.77,0.52,-27.62,45.96,68.11,-1.476389754962159,-865.51953125,0.5047170342132339,24932.0,1214724.0,0
2021-04-07,XX,1.99,27.85,0.63,-28.81,46.28,70.24,-3.752887085316425,-2143.421875,0.5049522420943791,31202.0,1369932.0,0
2021-04-08,XX,2.17,26.49,0.42,-31.27,45.46,70.95,3.978767570422682,2275.015625,0.5054387680153625,28644.0,1685072.0,0
2021-04-09,XX,2.42,25.57,0.7,-32.29,45.45,69.99,-0.1354549836114697,-78.94921875,0.505883426892244,28648.0,1491708.0,0
2021-04-10,XX,2.49,25.6,0.5,-34.45,46.19,69.62,2.6234198096664976,1548.23046875,0.5062129855412068,25734.0,1332344.0,0
2021-04-11,XX,2.64,24.16,0.97,-27.75,43.95,69.18,0.6862304387402612,411.73046875,0.5061255422082132,18164.0,1386668.0,0
2021-04-12,XX,2.22,25.05,0.43,-14.92,43.84,69.78,-0.5187618998143357,-311.51171875,0.5058014967416871,20170.0,1223518.0,0
2021-04-13,XX,1.72,24.56,0.3,-3.0,44.83,68.51,5.852714345026763,3610.00390625,0.5056968378007723,27738.0,1565970.0,0
2021-04-14,XX,1.92,26.62,0.23,-1.0,46.23,70.27,-0.6219938149170958,-393.76171875,0.5057251048805907,28098.0,1644054.0,0
2021-04-15,XX,2.04,24.62,0.19,-1.7,43.97,69.91,0.3232251116976691,204.31640625,0.5058632038763148,27212.0,1632236.0,0
2021-04-16,XX,1.76,23.82,0.47,-0.27,47.3,69.79,-2.7886621874568536,-1741.22265625,0.5061584477429244,26730.0,1716440.0,1
2021-04-17,XX,2.19,23.32,0.4,1.53,45.63,68.21,-1.4542926101405165,-888.96875,0.5063880619937723,24936.0,1580482.0,0
2021-04-18,XX,2.55,25.31,0.22,2.95,40.46,68.26,-7.6472431098119324,-4467.63671875,0.5060766040000579,18248.0,1363728.0,0
2021-04-19,XX,1.82,25.52,0.22,0.24,42.54,68.63,-0.8788979117796623,-491.91796875,0.505819330277413,22618.0,1379434.0,0
2021-04-20,XX,1.89,23.63,0.3,0.82,45.22,68.41,1.3347500558966063,748.765625,0.5058583912684282,28706.0,1723102.0,1
2021-04-21,XX,1.69,22.67,0.28,-0.21,43.92,69.07,-4.651974554182734,-2566.94140625,0.5059049839316123,29324.0,1777364.0,0
2021-04-22,XX,1.38,22.94,0.28,2.05,46.95,69.04,-4.0581883746807135,-2143.81640625,0.5060281026686959,27762.0,1804172.0,0
2021-04-23,XX,1.54,22.53,0.33,1.66,46.36,68.59,-1.3001302685204312,-668.62109375,0.5064345279706486,30586.0,1804534.0,0
2021-04-24,XX,1.73,25.37,0.31,-2.35,44.65,68.48,-2.062043718011072,-1042.78515625,0.5065787477132319,25922.0,1631374.0,0
2021-04-25,XX,1.39,23.98,0.25,-13.28,41.29,68.54,-2.113272327896639,-1046.61328125,0.5062862959759284,21382.0,1450538.0,0
2021-04-26,XX,2.01,27.5,0.38,-15.0,43.72,68.28,9.747970680195452,5017.5,0.5059697925753952,23738.0,1363460.0,0
2021-04-27,XX,1.64,24.76,0.42,-15.32,45.08,67.86,1.854831914865377,1011.36328125,0.505940489014341,29972.0,1708924.0,1
2021-04-28,XX,1.87,25.97,0.43,-15.16,46.56,70.62,-0.3794255373736428,-208.4140625,0.5059342598896222,31864.0,1809312.0,0
2021-04-29,XX,1.12,23.08,0.41,-14.87,46.82,69.22,-2.3429673825133244,-1269.59375,0.5060770961094558,31492.0,1788924.0,0
2021-04-30,XX,1.62,23.54,0.27,-14.75,48.02,70.4,7.541518772096198,4195.06640625,0.5063193601393563,28680.0,1763530.0,0
2021-05-01,XX,2.59,24.93,0.35,-12.64,44.88,69.59,0.1347572360312362,77.875,0.5064249386748867,25812.0,1589284.0,0
2021-05-02,XX,2.11,25.58,0.63,-3.82,42.7,67.56,-2.0916047590224385,-1196.97265625,0.5060718559752309,20556.0,1359320.0,0
2021-05-03,XX,1.4,22.11,0.5,-1.79,43.37,65.91,1.0001102205402288,569.21484375,0.5057086753154991,23758.0,1370830.0,0
2021-05-04,XX,1.45,24.93,0.51,-1.57,44.88,69.05,-6.999363622377694,-3866.75390625,0.5055414517572347,28174.0,1604392.0,0
2021-05-05,XX,2.22,24.51,0.62,-1.14,46.86,68.9,7.389708647447689,4090.46875,0.5055038561698457,29690.0,1693632.0,0
2021-05-06,XX,1.95,23.95,0.4,-0.58,47.45,68.23,-1.8055093557641697,-1027.4921875,0.5056019978939982,29280.0,1737104.0,0
2021-05-07,XX,1.49,23.84,0.26,-0.43,49.09,68.7,1.6877096781434924,959.88671875,0.5058563855458489,28940.0,1663200.0,0
2021-05-08,XX,1.44,25.69,0.27,-0.02,45.95,68.61,2.492161970278965,1447.375,0.5059612189819673,26392.0,1572870.0,0
2021-05-09,XX,1.59,22.9,0.32,2.42,40.85,67.39,-0.9765628034028508,-571.4609375,0.5056658966917285,20696.0,1273276.0,0
2021-05-10,XX,1.48,23.79,0.82,3.82,43.21,66.21,-4.159554115971453,-2372.51953125,0.5053343872851783,22578.0,1250446.0,0
2021-05-11,XX,1.32,24.34,0.43,4.18,44.66,68.08,1.5009957344289306,844.77734375,0.5051903093699728,28338.0,1479474.0,0
2021-05-12,XX,2.04,24.38,0.57,3.34,44.49,69.23,-14.2967146773037,-7554.0390625,0.5050909203172267,27910.0,1519196.0,0
2021-05-13,XX,1.98,23.97,0.28,-8.38,46.95,68.73,1.1442928110092725,565.65625,0.5050400042425919,27172.0,1463050.0,1
2021-05-14,XX,2.17,24.47,0.46,-8.14,44.96,69.08,0.3300186759766157,164.34375,0.5051732216279742,25990.0,1417910.0,0
2021-05-15,XX,2.71,24.81,1.18,-7.61,43.74,68.21,-6.459870319528386,-3120.34765625,0.5051905986880416,24324.0,1262610.0,0
2021-05-16,XX,2.7,22.69,0.62,-17.8,39.68,67.03,-0.6525257090234029,-304.12890625,0.5048798547811497,20528.0,1090280.0,1
2021-05-17,XX,2.75,23.49,0.42,-28.34,40.62,65.26,-6.48839844864655,-2918.546875,0.5046050403085847,22936.0,1085902.0,1
2021-05-18,XX,1.76,24.58,0.26,-28.66,43.5,68.04,-1.4531934084628222,-628.109375,0.5045232695373398,28288.0,1246216.0,0
2021-05-19,XX,2.39,22.96,0.26,-28.13,43.32,67.49,-14.810707635188663,-5906.9609375,0.5044940628626304,26876.0,1347340.0,1
2021-05-20,XX,1.91,22.54,0.49,-17.48,44.31,66.38,9.72750161239599,3780.296875,0.5042488564488974,26340.0,561080.0,1
2021-05-21,XX,1.58,23.36,0.44,-17.51,44.36,67.77,-8.913981683679193,-3478.046875,0.504389319690321,25824.0,1251562.0,1
2021-05-22,XX,2.09,25.96,0.29,-17.15,44.94,66.78,0.6198237437243979,231.94140625,0.5043925002049809,22692.0,1144004.0,0
2021-05-23,XX,2.54,22.88,0.41,-9.67,39.7,64.99,-7.6545645798332975,-2766.05078125,0.5041162504161396,19574.0,958862.0,0
2021-05-24,XX,3.13,22.36,0.33,-2.08,41.19,66.11,10.722243682664232,3935.3984375,0.5037832823990585,18218.0,900542.0,1
2021-05-25,XX,1.88,23.05,0.51,-2.79,43.12,65.46,-0.7878782581024248,-303.7578125,0.5039631309587926,26404.0,1069990.0,1
2021-05-26,XX,1.8,22.79,0.51,-2.12,43.41,66.75,2.2961565812768545,891.9765625,0.5039039338859074,25608.0,1140898.0,1
2021-05-27,XX,1.52,22.36,0.57,-2.0,43.51,67.6,-2.205718107153495,-857.23046875,0.5039249971237569,25694.0,1095568.0,0
2021-05-28,XX,1.7,22.92,0.73,-2.88,44.09,66.72,-7.393611150144238,-2739.36328125,0.5040076288334201,23952.0,1008768.0,0
2021-05-29,XX,1.27,22.33,0.7,-3.67,42.32,65.5,-3.0765691542153006,-1081.5390625,0.5040733910895864,21406.0,959322.0,0
2021-05-30,XX,2.23,23.44,0.35,-2.83,39.31,66.84,3.0219944078986263,1062.0625,0.5037871602262185,16688.0,778558.0,0
2021-05-31,XX,2.05,23.38,0.5,-8.9,39.41,63.98,4.533591723246496,1654.7265625,0.5035040959528618,17606.0,774082.0,1
2021-06-01,XX,1.71,23.91,0.36,-15.21,41.23,64.27,-1.750785357311659,-647.9296875,0.5035104199114719,30478.0,922268.0,0
2021-06-02,XX,1.48,22.74,0.22,-15.97,42.67,66.25,2.397778870231388,890.25390625,0.5034843178166708,23766.0,975674.0,1
2021-06-03,XX,1.46,21.69,0.39,-15.25,42.66,66.62,4.255661695137001,1633.5859375,0.5034536362524604,20170.0,959642.0,0
2021-06-04,XX,1.46,22.11,0.31,-14.8,44.07,66.05,-6.084038726712561,-2314.359375,0.5035502942103134,21362.0,850146.0,1
2021-06-05,XX,1.35,23.26,0.21,-12.72,43.28,65.38,-3.706474257477647,-1342.44921875,0.5035675016936296,18700.0,793758.0,1
2021-06-06,XX,1.6,20.57,0.49,-10.81,38.8,64.72,0.8693599850188835,310.421875,0.5031876686385579,14450.0,645486.0,0
2021-06-07,XX,1.65,20.61,0.45,-2.37,39.2,61.75,-6.633285563534304,-2301.671875,0.5029353331563837,16356.0,643942.0,0
2021-06-08,XX,1.39,20.84,0.38,5.39,41.28,64.88,-0.262777506345777,-88.07421875,0.5028677110358717,21234.0,743672.0,0
2021-06-09,XX,1.61,20.29,0.43,5.59,41.18,63.69,10.947410238213756,3872.48828125,0.5028372955273468,20272.0,837090.0,0
2021-06-10,XX,1.96,22.26,0.23,4.89,40.74,65.57,-1.7354742993128305,-642.5234375,0.5030901647422535,31964.0,906098.0,0
2021-06-11,XX,1.38,22.55,0.54,5.19,40.51,65.88,1.7067578415986144,631.80078125,0.5033049905863365,23532.0,844576.0,0
2021-06-12,XX,1.61,23.39,0.48,-8.26,42.55,64.43,-4.890419504040555,-1781.8828125,0.5033809975911463,19390.0,736356.0,0
2021-06-13,XX,1.53,22.8,0.49,-9.14,39.87,62.35,9.505680129465752,3545.34375,0.5032787410666711,18512.0,604992.0,1
2021-06-14,XX,3.23,25.27,0.25,-9.24,38.67,62.77,2.825878796632069,1120.6171875,0.5031256683753675,16130.0,619476.0,0
2021-06-15,XX,1.08,21.05,0.46,-9.81,41.11,65.6,0.4658453327527578,187.79296875,0.5028905189414337,21582.0,750834.0,0
2021-06-16,XX,1.65,21.74,0.39,-10.71,41.61,65.83,-5.230703159614401,-2059.20703125,0.5028024215913127,20058.0,777834.0,0
2021-06-17,XX,1.22,20.6,0.22,-10.8,41.34,65.49,-0.7684760787668956,-293.55859375,0.5028026181270654,18608.0,791710.0,1
2021-06-18,XX,1.46,20.58,0.2,-9.87,39.33,65.21,-6.140159139173661,-2266.2578125,0.5028657704650044,18412.0,806548.0,0
2021-06-19,XX,1.72,22.41,0.26,2.07,40.09,63.72,-0.4800219817294285,-171.375,0.5028877020299956,16160.0,696644.0,0
2021-06-20,XX,1.76,21.22,0.22,2.79,37.29,63.33,0.2311625313791573,82.42578125,0.5026989635193884,13458.0,606232.0,0
2021-06-21,XX,1.85,17.81,0.34,0.91,38.49,60.33,-11.9521795848678,-4021.603515625,0.5025322710761178,14102.0,593426.0,0
2021-06-22,XX,1.21,20.73,0.34,0.66,40.12,64.72,2.583304760939311,828.966796875,0.5025243299979916,17844.0,821038.0,0
2021-06-23,XX,1.52,20.3,0.35,1.63,40.4,64.79,3.676667515561315,1217.3671875,0.5025203120108724,18790.0,794330.0,0
2021-06-24,XX,1.6,19.71,0.3,1.85,41.85,65.28,2.7475699857643345,939.41015625,0.5025745899516462,17250.0,817642.0,0
2021-06-25,XX,1.25,19.33,0.24,0.86,41.78,64.37,-9.130465397426269,-3024.658203125,0.5027296793750915,18474.0,835912.0,1
2021-06-26,XX,1.34,20.58,0.54,-1.29,40.41,62.88,1.7188238400922922,548.498046875,0.5027838907037305,14928.0,726150.0,0
2021-06-27,XX,1.8,21.16,0.33,-9.27,38.96,64.42,7.374727447930949,2463.3671875,0.502618438844966,12154.0,621650.0,0
2021-06-28,XX,1.58,20.21,0.27,-5.94,39.66,59.79,-0.6233262455755746,-215.30859375,0.5024795924719867,13192.0,666410.0,0
2021-06-29,XX,1.35,20.85,0.42,-7.26,40.3,63.03,4.078512112413988,1433.44140625,0.5024400018801761,16280.0,763108.0,0
2021-06-30,XX,1.26,20.36,0.35,-6.59,40.41,63.93,-2.332520296585249,-826.94140625,0.5024206435693712,18410.0,798848.0,0
2021-07-01,XX,1.38,19.7,0.22,-6.59,41.7,64.3,-4.281824560087459,-1468.71875,0.5024997819285021,17106.0,871080.0,0
2021-07-02,XX,1.44,20.68,0.38,-5.46,41.07,63.89,0.963202091343982,324.9296875,0.502655167312381,16586.0,884824.0,0
2021-07-03,XX,1.33,20.01,0.53,-1.3,40.68,62.9,2.2504948021345133,771.5,0.5026883352480087,13820.0,748620.0,0
2021-07-04,XX,1.29,18.75,0.69,5.7,37.26,60.21,1.7703918010918158,619.234375,0.502598474808724,13220.0,656108.0,0
2021-07-05,XX,2.48,21.26,0.39,3.8,37.32,60.36,-4.467475626166748,-1541.77734375,0.5025204495923918,14776.0,753706.0,0
2021-07-06,XX,1.51,21.65,0.38,4.36,36.8,60.8,1.4392210079461631,489.19140625,0.5025237079074574,17018.0,901704.0,0
2021-07-07,XX,1.22,18.36,0.21,4.41,40.21,62.27,-1.1157826650301257,-379.8671875,0.5025404007179767,17044.0,930020.0,0
2021-07-08,XX,1.0,18.88,0.32,4.42,40.31,63.87,-2.931177853796417,-977.95703125,0.502670546289508,17850.0,963488.0,0
2021-07-09,XX,1.81,20.55,0.3,-6.71,40.55,64.81,2.761736344787324,920.640625,0.5028447158794094,16712.0,1027590.0,0
2021-07-10,XX,1.45,20.31,0.45,-10.0,39.77,63.95,-0.82442012335933,-277.4921875,0.5028440327248496,13146.0,843816.0,0
2021-07-11,XX,1.61,19.18,0.55,-20.94,36.29,61.41,2.124225267387488,719.66796875,0.5027560007921003,15218.0,740744.0,0
2021-07-12,XX,2.02,20.16,0.27,-33.18,37.51,61.12,-3.2180926347831007,-1084.33984375,0.502714544467,16178.0,864864.0,0
2021-07-13,XX,1.48,22.23,0.3,-34.79,38.87,63.21,-1.3782086425800637,-453.822265625,0.502720958579034,16770.0,1052686.0,1
2021-07-14,XX,1.27,21.49,0.67,-35.07,39.88,64.74,0.3672599836430842,120.322265625,0.5027381673615885,17220.0,1076034.0,0
2021-07-15,XX,1.35,21.15,0.5,-37.36,39.75,64.78,-3.224946835684241,-1041.6171875,0.5028966563976649,17184.0,1152504.0,0
2021-07-16,XX,1.56,21.2,0.87,-27.18,39.67,64.52,-1.136653085848622,-359.19140625,0.5030745363889829,17496.0,1192208.0,0
2021-07-17,XX,2.07,22.36,1.09,-26.17,40.8,64.92,0.3543169217346287,111.529296875,0.5030877131783587,14994.0,980448.0,1
2021-07-18,XX,2.24,22.7,1.0,-15.67,38.64,62.84,0.8329203113175575,263.7421875,0.5029547102647358,13074.0,841956.0,0
2021-07-19,XX,2.04,23.77,1.3,-2.08,38.64,61.89,-3.1272502988710884,-978.978515625,0.5028699365181055,14346.0,973370.0,1
2021-07-20,XX,1.97,23.7,1.06,-12.29,40.01,64.94,-3.3338555734212405,-1010.484375,0.5032021978231986,41420.0,1066016.0,0
2021-07-21,XX,2.16,21.91,1.06,-13.79,40.04,66.49,7.443417235693212,2303.345703125,0.503165247704844,17368.0,1110384.0,0
2021-07-22,XX,1.74,23.05,1.26,-11.43,40.12,65.5,0.6283788882169604,202.412109375,0.5032453320276005,17536.0,1130764.0,0
2021-07-23,XX,1.84,23.87,1.39,-11.36,42.56,64.63,3.8503942271904577,1268.4453125,0.5034903138974922,16590.0,1455988.0,0
2021-07-24,XX,3.02,25.12,0.85,-11.49,41.01,65.36,2.0948244356669856,710.89453125,0.5034934911677809,17366.0,865468.0,0
2021-07-25,XX,2.07,25.38,0.56,-23.78,36.53,64.47,3.0378619797658737,1057.7421875,0.5030233129219219,14662.0,892020.0,0
2021-07-26,XX,2.51,25.35,2.24,-27.27,38.84,64.0,5.469542869161192,1987.34765625,0.5029980542187069,16904.0,1077194.0,0
2021-07-27,XX,1.82,23.58,0.57,-15.41,40.71,64.56,5.39428534880362,2069.40625,0.5030485070365587,19644.0,1214310.0,0
2021-07-28,XX,1.56,21.81,0.66,-14.18,42.22,65.74,1.483512651645551,588.96484375,0.5030482880855964,20502.0,1300618.0,0
2021-07-29,XX,1.3,23.88,0.67,-13.91,43.07,66.6,0.0312873700596311,12.515625,0.5032187475286674,20314.0,1285328.0,1
2021-07-30,XX,2.12,23.24,0.32,-13.91,44.12,66.6,5.41722306526184,2227.125,0.5034596118139567,19124.0,1465434.0,0
2021-07-31,XX,1.73,23.71,0.88,-14.02,41.69,65.98,-1.4532545375150554,-609.3515625,0.5034491793554419,17630.0,1036700.0,0
2021-08-01,XX,2.59,23.61,1.51,-12.02,37.31,65.77,-4.047804375571393,-1651.30078125,0.5032894656567153,14734.0,967218.0,0
2021-08-02,XX,1.22,24.96,0.68,-21.47,39.12,63.64,-1.952524946480863,-772.94921875,0.503163658770067,16122.0,1136004.0,0
2021-08-03,XX,2.2,23.7,0.72,-20.75,40.6,65.05,-2.71224912051319,-1048.96484375,0.5031573267786266,20818.0,1270612.0,0
2021-08-04,XX,1.82,23.11,0.51,-21.34,44.14,67.37,4.094316463847638,1594.5234375,0.5031425169358639,20998.0,1360788.0,0
2021-08-05,XX,1.58,23.66,0.49,-21.88,44.22,67.61,2.7838357371246687,1122.05078125,0.5033012929841674,21908.0,1370432.0,0
2021-08-06,XX,1.67,23.78,0.3,-21.61,46.9,67.25,4.653814062641624,1946.9453125,0.5035920898669274,20894.0,1639198.0,1
2021-08-07,XX,1.62,23.25,0.84,-20.43,43.23,66.1,3.981881145877593,1739.30078125,0.5035974132258765,17294.0,1126272.0,0
2021-08-08,XX,1.17,24.56,0.61,-8.67,40.32,65.44,-1.7151523902089738,-757.68359375,0.503398474586532,14874.0,938002.0,0
2021-08-09,XX,2.04,25.93,1.05,4.11,41.96,65.93,5.696271209006833,2567.28515625,0.5032981347246406,17546.0,1230030.0,0
2021-08-10,XX,1.53,23.32,0.32,3.93,42.86,65.96,-1.6974141392608215,-780.37109375,0.5032829166443062,23176.0,1293298.0,0
2021-08-11,XX,1.81,24.05,0.99,2.73,42.53,65.96,0.0188760572341268,8.60546875,0.5032201021127158,21038.0,1462212.0,0
2021-08-12,XX,2.31,23.62,1.06,3.16,43.25,65.5,-2.58917535442005,-1165.34765625,0.5033523747830178,21008.0,1411550.0,0
2021-08-13,XX,1.63,23.15,0.45,2.08,43.39,67.73,7.300947971891746,3365.03125,0.5036335668167122,20900.0,1603842.0,0
2021-08-14,XX,1.56,23.71,0.5,-0.59,41.22,66.4,-1.46777437579731,-696.375,0.5035872077442514,17432.0,1112884.0,0
2021-08-15,XX,2.7,20.03,0.8,-11.74,37.34,66.06,-0.1060958486425895,-49.94140625,0.5033504232992421,14826.0,938418.0,0
2021-08-16,XX,2.78,20.26,0.73,-19.69,39.32,63.51,-2.240830692116523,-1042.51953125,0.5032741380162117,19564.0,1312376.0,0
2021-08-17,XX,2.22,20.73,0.74,-26.89,41.11,64.12,-2.886919903458737,-1309.125,0.5032585177538192,21528.0,1367246.0,0
2021-08-18,XX,2.2,23.5,0.36,-25.14,41.94,66.13,0.2364966650012081,105.828125,0.5032193509504291,21622.0,1473292.0,0
2021-08-19,XX,1.58,22.38,0.41,-25.06,40.92,67.4,4.188585333234935,1916.390625,0.5033810131939205,22864.0,1423608.0,0
2021-08-20,XX,1.46,20.93,0.58,-24.57,41.21,65.97,5.459790698385328,2621.59765625,0.5036481733581177,20978.0,1569962.0,0
2021-08-21,XX,2.46,23.98,0.88,-25.6,41.02,66.56,-0.8828701235467067,-433.68359375,0.503558947698502,17786.0,1128882.0,0
2021-08-22,XX,1.91,19.52,0.41,-23.37,39.05,65.11,0.8473475397263706,416.16015625,0.5033260515886115,15376.0,905304.0,0
2021-08-23,XX,1.32,19.85,0.52,-17.62,40.78,66.2,0.454134668328143,224.49609375,0.5032551682771661,19970.0,1345380.0,0
2021-08-24,XX,1.81,23.68,1.16,-11.95,41.45,67.2,-3.784489433094968,-1840.03125,0.5032201206634216,22080.0,1375074.0,0
2021-08-25,XX,1.71,22.85,0.45,-12.36,41.43,66.34,2.5960121950429427,1254.671875,0.5032067826350143,22662.0,1477830.0,0
2021-08-26,XX,1.62,22.59,0.46,-13.1,41.63,67.17,-4.21022974523753,-2018.5703125,0.503373866486152,23182.0,1470798.0,0
2021-08-27,XX,2.01,21.62,0.38,-13.39,42.3,66.5,4.409943030226678,2116.44921875,0.5036085578193064,20692.0,1482730.0,0
2021-08-28,XX,1.66,21.82,0.34,-23.57,40.7,65.44,-0.3190364438573709,-156.265625,0.5034931427094937,16874.0,1128946.0,0
2021-08-29,XX,2.36,20.94,0.31,-25.89,34.67,64.62,-0.1485084758406809,-72.5703125,0.5032281560080769,13472.0,904422.0,0
2021-08-30,XX,1.24,18.67,0.37,-33.86,35.87,63.67,-3.702463994727715,-1774.84765625,0.5031203351584037,19020.0,1312188.0,0
2021-08-31,XX,1.25,20.62,0.31,-32.46,41.13,65.24,0.2371071858731938,111.703125,0.5029859632188624,18340.0,1268424.0,0
2021-09-01,XX,1.73,19.94,0.39,-32.42,40.44,65.88,3.50056537880172,1680.33984375,0.5030243550277533,25004.0,1439760.0,0
2021-09-02,XX,0.98,20.77,0.53,-31.73,41.34,66.74,0.979272478817146,480.6953125,0.5031579339041247,22446.0,1353256.0,1
2021-09-03,XX,1.2,19.09,0.33,-31.61,41.11,65.38,1.4044128006187486,697.65234375,0.503408455767872,21372.0,1425450.0,0
2021-09-04,XX,1.54,21.78,0.55,-17.59,39.57,63.8,-0.1615484996733509,-80.75,0.503265196096263,15470.0,1008940.0,0
2021-09-05,XX,1.84,19.19,0.64,-15.88,34.35,65.3,3.5575435016673143,1808.78515625,0.5030811432336396,12932.0,907300.0,0
2021-09-06,XX,1.99,19.66,0.73,-18.43,38.77,64.88,1.68631403802205,880.125,0.5028048224961295,16120.0,922256.0,0
2021-09-07,XX,1.26,18.76,0.67,-17.44,38.8,61.93,-11.723249529729856,-5822.40625,0.5027718418972167,20948.0,1336444.0,0
2021-09-08,XX,1.44,19.64,0.47,-16.27,39.71,62.96,-1.5494793572991006,-719.73828125,0.502699398241033,20088.0,1257166.0,0
2021-09-09,XX,1.57,19.85,0.46,-16.3,42.32,64.2,0.6488390533953229,300.03125,0.5028564418123656,21528.0,1296390.0,0
2021-09-10,XX,1.69,20.88,0.46,-15.28,41.08,63.76,-3.303518664446581,-1507.51171875,0.5030342049791481,18372.0,1299060.0,0
2021-09-11,XX,2.01,21.41,0.6,-24.71,40.97,64.72,0.7049939410355871,317.546875,0.5030444564252379,16710.0,951516.0,0
2021-09-12,XX,1.0,16.96,0.93,-15.71,34.62,62.26,1.888655452823882,861.8125,0.5027427154811303,11170.0,753098.0,0
2021-09-13,XX,1.24,16.66,0.54,-5.14,36.08,59.87,-2.4174296052118334,-1100.1953125,0.5026738810431493,18198.0,1125434.0,0
2021-09-14,XX,1.06,18.6,0.35,-5.86,39.85,62.84,4.62720067779093,2129.41796875,0.5025911565057516,19824.0,1105188.0,0
2021-09-15,XX,1.26,20.48,0.39,-6.57,41.08,64.66,2.275460131450896,1083.85546875,0.5025738359222961,20902.0,1136302.0,0
2021-09-16,XX,1.79,19.93,0.52,-6.71,40.98,64.53,-0.81907394359386,-392.98828125,0.5026857338487832,20920.0,1172164.0,0
2021-09-17,XX,1.59,20.21,0.87,-7.0,41.32,63.96,-1.0854079709278337,-515.83984375,0.5029090834538812,18100.0,1244520.0,0
2021-09-18,XX,1.72,19.81,0.43,0.66,40.27,64.69,2.116012615402399,1010.84375,0.5028155370424908,13030.0,1059030.0,0
2021-09-19,XX,1.64,17.28,0.96,2.82,34.85,62.04,-2.1314594702563614,-1018.14453125,0.5026039190438156,12004.0,734592.0,0
2021-09-20,XX,1.2,14.84,0.38,3.71,37.26,60.44,-9.810793836995629,-4416.41796875,0.5025105781856316,16420.0,1034960.0,0
2021-09-21,XX,1.15,18.46,0.37,3.48,38.73,63.19,-5.148826786332678,-2150.125,0.5024257826234187,18842.0,983808.0,0
2021-09-22,XX,1.37,19.32,1.07,3.56,39.38,63.84,6.839960199678301,2880.83203125,0.5023921592054057,19560.0,1070344.0,0
2021-09-23,XX,1.71,18.56,0.79,3.8,39.83,64.87,2.985630902322461,1320.58984375,0.5024841363216141,19604.0,1094630.0,0
2021-09-24,XX,1.27,17.96,0.46,3.28,39.39,64.15,-4.686219528987527,-2055.34765625,0.5026498669943502,17428.0,1096924.0,0
2021-09-25,XX,1.72,18.97,0.82,1.29,39.47,63.13,-0.2878952738409655,-123.15625,0.5024980698347072,10936.0,759144.0,0
2021-09-26,XX,1.46,15.12,0.68,0.43,36.33,62.82,1.1450682044497962,491.9453125,0.5023173046334976,10904.0,718898.0,0
2021-09-27,XX,1.63,13.13,0.3,-1.57,35.17,59.72,-2.2771582829569805,-972.80859375,0.5022237634686919,15452.0,941778.0,0
2021-09-28,XX,1.46,18.83,0.26,-1.71,39.65,61.68,-2.8852332947741828,-1201.1875,0.5021576919473889,18726.0,909362.0,0
2021-09-29,XX,1.68,18.53,0.43,-4.57,40.16,63.18,1.282892481457235,529.8203125,0.5021371392746752,18548.0,982294.0,0
2021-09-30,XX,1.56,18.6,1.09,-4.57,38.31,63.22,5.218276011816411,2226.53125,0.5022802654370312,17680.0,976658.0,0
2021-10-01,XX,1.4,17.36,0.5,-16.57,38.9,61.62,9.42084189312798,4326.046875,0.5024456189149493,17212.0,1042626.0,0
2021-10-02,XX,1.48,18.76,0.46,-14.71,38.85,63.2,-0.8462113921141138,-405.453125,0.5023325175386768,11814.0,711110.0,0
2021-10-03,XX,1.78,16.88,0.56,-21.98,33.19,63.34,1.0185835179136424,488.46484375,0.502120689761992,8562.0,626144.0,0
2021-10-04,XX,1.02,14.29,0.26,-20.15,33.3,58.91,1.8763728593427256,912.94921875,0.502031161617789,14260.0,870690.0,0
2021-10-05,XX,0.83,15.77,0.42,-20.89,37.0,61.32,4.774761053468452,2401.91015625,0.5019564102403853,14778.0,851386.0,0
2021-10-06,XX,1.16,16.08,0.44,-18.26,37.0,59.69,7.201410137731079,3846.63671875,0.5019596243355504,18324.0,1015244.0,0
2021-10-07,XX,1.27,17.02,0.36,-17.81,38.2,62.28,-2.849879433334604,-1555.46484375,0.5020910891974917,17886.0,922542.0,0
2021-10-08,XX,1.08,16.84,0.3,-4.03,38.29,63.35,0.300376074416775,161.86328125,0.5022580201010246,15060.0,951090.0,0
2021-10-09,XX,1.41,16.7,0.61,-2.11,37.85,61.48,1.836679291081593,1000.375,0.5021487498559469,9722.0,691446.0,0
2021-10-10,XX,1.18,13.99,0.33,2.7,32.41,57.65,-0.3583836316874845,-196.64453125,0.5020203552775957,9356.0,641424.0,0
2021-10-11,XX,1.36,13.34,0.41,-6.94,34.34,58.35,4.834896270757248,2713.2109375,0.5018615366202591,11646.0,751926.0,0
2021-10-12,XX,1.06,16.04,0.4,-5.3,37.63,60.17,-2.543576350608531,-1443.73046875,0.5018249328862445,16118.0,882798.0,0
2021-10-13,XX,0.68,15.85,0.32,-4.93,38.96,61.89,2.397881481648352,1360.0390625,0.501845977803189,17690.0,915084.0,0
2021-10-14,XX,0.82,18.06,0.72,-6.16,38.84,62.83,-0.1387245701897974,-79.57421875,0.5019799499351968,16016.0,905538.0,0
2021-10-15,XX,1.16,17.06,0.71,-7.92,36.78,61.98,7.18874583745788,4272.42578125,0.5021139721801475,14404.0,917920.0,0
2021-10-16,XX,0.92,16.33,0.26,-8.07,35.3,61.32,-1.1458884632588322,-701.76953125,0.5020834870370601,10602.0,697108.0,0
2021-10-17,XX,1.08,14.5,0.65,-5.75,32.71,59.78,1.0803865067540788,661.4375,0.5019197342936723,8560.0,636476.0,0
2021-10-18,XX,0.88,13.54,0.27,3.26,34.5,57.59,0.7646292349290159,472.4609375,0.501832523704069,12964.0,824272.0,0
2021-10-19,XX,0.87,16.02,0.3,1.98,36.3,62.08,3.541344366049976,2235.9140625,0.5018326733020186,16480.0,895834.0,0
2021-10-20,XX,0.81,16.52,0.4,1.72,37.74,61.81,2.6577834542035657,1730.84375,0.5018764228374903,17324.0,956052.0,0
2021-10-21,XX,0.84,16.56,0.34,2.9,37.77,61.39,-5.902766839072916,-3782.6640625,0.5019942898826139,15416.0,927582.0,0
2021-10-22,XX,0.8,15.79,0.34,3.58,37.73,62.14,-2.4702251082704763,-1517.90625,0.5021774335572855,16304.0,976934.0,1
2021-10-23,XX,1.02,16.56,0.39,2.48,36.66,61.98,1.1489604888576206,701.3515625,0.5021371244959296,11646.0,744840.0,0
2021-10-24,XX,1.09,14.23,0.47,3.75,32.14,59.54,-0.7566491344887265,-462.78125,0.5019726367805939,9050.0,633976.0,1
2021-10-25,XX,1.09,13.32,0.51,4.44,32.95,60.07,3.402727333400421,2108.98828125,0.5018943166946686,13408.0,857046.0,0
2021-10-26,XX,0.71,15.26,0.42,5.06,35.75,59.76,-4.337718610106227,-2676.03125,0.5018868621546266,15762.0,894246.0,0
2021-10-27,XX,1.21,15.99,0.4,6.24,38.06,62.03,-3.166384386368273,-1881.40625,0.5019247337060271,18308.0,1040486.0,0
2021-10-28,XX,0.77,16.06,0.27,5.75,38.68,59.63,3.593449158802419,2139.75,0.5020430213531142,17604.0,926686.0,0
2021-10-29,XX,1.04,15.74,0.39,5.6,38.08,61.13,2.614437550515364,1605.828125,0.5022216364555829,15724.0,1017912.0,0
2021-10-30,XX,1.27,18.85,0.38,5.28,38.56,60.85,-0.5464750380489263,-339.1328125,0.5021812911816227,12018.0,779970.0,0
2021-10-31,XX,1.58,15.64,0.45,5.63,31.96,60.69,-0.9250698649359284,-569.875,0.5020417219500024,8966.0,692466.0,1
2021-11-01,XX,0.8,16.45,0.26,-3.32,33.32,59.1,-0.5142950065019365,-314.55078125,0.5019172703481991,12616.0,844592.0,0
2021-11-02,XX,0.98,16.27,0.53,-3.02,35.33,60.84,3.5775877348473304,2221.99609375,0.5018556990600768,14534.0,847930.0,0
2021-11-03,XX,0.82,14.5,0.3,-3.69,37.83,60.1,-0.4062805617150114,-256.35546875,0.5018807332890678,16816.0,1077126.0,0
2021-11-04,XX,1.1,17.49,0.32,-3.07,39.48,61.74,-2.439903425460908,-1517.81640625,0.5019846398537536,15202.0,1047216.0,0
2021-11-05,XX,1.02,17.47,0.22,-4.24,39.57,62.33,-0.532812918796798,-326.5546875,0.5021723165945349,17238.0,1041760.0,0
2021-11-06,XX,0.88,16.81,0.33,-3.11,40.37,62.09,0.6551908440948537,401.8046875,0.5021800789721258,13292.0,855222.0,0
2021-11-07,XX,1.09,12.36,0.25,-4.62,32.08,61.18,2.882768153978432,1799.5078125,0.5020712149973575,8994.0,700018.0,0
2021-11-08,XX,1.15,13.87,0.3,5.36,33.0,60.56,6.480556096155834,4239.83984375,0.5019953760505209,13420.0,957160.0,0
2021-11-09,XX,1.22,15.77,0.48,5.36,37.7,60.03,-0.8845099182201409,-595.0,0.5019873643899246,16330.0,973732.0,0
2021-11-10,XX,0.93,15.7,0.28,5.15,38.36,60.97,-2.995816542044536,-1976.59765625,0.5020087349779109,16560.0,1177034.0,0
2021-11-11,XX,0.78,15.18,0.76,4.32,39.96,61.22,-0.0696748107282362,-45.26953125,0.5020755627638849,15274.0,1039324.0,0
2021-11-12,XX,0.9,14.11,0.39,5.01,36.9,59.66,-1.2300437518712914,-794.01953125,0.5023060800961876,18136.0,1188932.0,0
2021-11-13,XX,0.87,14.58,0.3,3.86,37.21,59.55,0.4875963708275549,313.5859375,0.502268150008579,12566.0,861122.0,0
2021-11-14,XX,0.7,11.07,0.24,2.68,30.71,57.01,1.5351084638069592,997.3125,0.5021170676129664,9250.0,728394.0,0
2021-11-15,XX,1.63,13.99,0.4,-0.21,32.06,57.56,-2.959290584671604,-1908.96875,0.5020546366910903,13866.0,1074442.0,0
2021-11-16,XX,0.76,16.07,0.3,0.06,36.59,57.64,-5.492245425158357,-3396.625,0.5020565625215404,15436.0,1054374.0,0
2021-11-17,XX,0.78,14.6,0.33,-0.23,35.32,60.35,0.343096492223367,206.765625,0.5020742220302229,18342.0,1268638.0,0
2021-11-18,XX,0.79,14.35,0.43,0.18,35.76,60.49,-5.842375040330888,-3425.875,0.5022109004395021,16658.0,1230112.0,0
2021-11-19,XX,0.71,14.61,0.31,1.08,37.07,59.79,2.046697304630566,1177.44140625,0.5024161898206455,16102.0,1240858.0,0
2021-11-20,XX,1.22,15.62,0.26,1.53,34.96,59.04,2.678245961804076,1577.6171875,0.5023639829273912,12136.0,963710.0,1
2021-11-21,XX,0.83,13.48,0.17,-4.41,33.83,58.77,-1.6326255638854346,-966.71875,0.5022234351040102,9118.0,808298.0,0
2021-11-22,XX,1.33,13.98,0.21,-13.16,32.6,58.31,-4.245451447744855,-2441.1875,0.5021650999982854,14566.0,1236674.0,0
2021-11-23,XX,0.8,15.03,0.31,-14.02,35.27,58.15,2.2481248103212805,1279.78515625,0.5021533130498002,16134.0,1226274.0,1
2021-11-24,XX,0.61,13.49,0.19,-13.78,35.71,60.39,-2.263871996463873,-1288.6484375,0.5021883783807746,17282.0,1346008.0,0
2021-11-25,XX,0.95,14.91,0.36,-12.77,35.86,59.87,1.7511838160780349,994.25390625,0.5022830773636379,15674.0,1195092.0,1
2021-11-26,XX,1.02,15.17,0.34,-13.83,34.84,55.86,-6.687380102128215,-3704.9140625,0.502428219634419,13656.0,1198500.0,1
2021-11-27,XX,2.0,19.39,0.19,-16.5,36.12,59.42,2.298046960742265,1245.3125,0.5023165052484286,11914.0,922934.0,0
2021-11-28,XX,3.41,18.67,0.41,-20.33,32.79,62.92,4.3435386277887975,2433.37890625,0.5021363069664442,9616.0,818858.0,0
2021-11-29,XX,3.03,17.62,0.49,-20.8,35.01,62.47,0.9701684218223902,558.109375,0.502100033382616,15506.0,1303090.0,0
2021-11-30,XX,2.86,20.23,0.37,-21.11,35.96,61.6,-1.3955922421075118,-801.140625,0.502114384357234,16200.0,1246566.0,0
2021-12-01,XX,2.42,18.73,0.25,-23.74,38.47,63.59,0.3928780734843055,224.40234375,0.5022227394619132,18542.0,1426332.0,0
2021-12-02,XX,1.8,18.12,0.44,-25.06,37.47,62.83,-1.3227302108743102,-752.01171875,0.50243561634872,20342.0,1412284.0,1
2021-12-03,XX,1.91,18.25,0.32,-24.3,39.54,62.31,-5.233158566534184,-2879.5703125,0.5026663950251551,17070.0,1434562.0,0
2021-12-04,XX,2.2,18.35,0.22,-21.05,40.64,61.18,-8.560843085516442,-4397.54296875,0.502543365587252,11048.0,1028914.0,0
2021-12-05,XX,1.64,15.55,0.26,-22.01,33.73,61.39,0.3411696472447897,168.14453125,0.502435381801918,14776.0,880560.0,0
2021-12-06,XX,1.42,15.19,0.51,-10.38,33.07,60.18,2.4288526851428816,1213.77734375,0.5023150096621953,13774.0,1177986.0,0
2021-12-07,XX,1.34,17.14,0.24,-17.3,37.82,60.51,0.2319467736866811,117.4609375,0.5022600891018094,16512.0,1394910.0,0
2021-12-08,XX,1.01,15.52,0.36,-14.57,39.31,59.42,-0.3859286221386915,-195.2890625,0.5022192247095887,15874.0,1341998.0,0
2021-12-09,XX,0.98,16.57,0.34,-14.71,38.78,61.48,-5.772155580847653,-2832.67578125,0.5023953650385529,17784.0,1459378.0,0
2021-12-10,XX,1.15,16.26,0.3,-13.14,37.94,60.51,-0.9035819421615396,-428.81640625,0.5025219218815276,16178.0,1371014.0,1
2021-12-11,XX,1.04,15.5,0.39,-13.71,36.95,59.39,4.388024071672512,2119.203125,0.5024547392569663,11966.0,999884.0,0
2021-12-12,XX,0.9,13.5,0.23,-9.01,32.19,57.4,1.4796607838164322,735.828125,0.5022435780469581,9120.0,880436.0,0
2021-12-13,XX,0.86,14.64,0.23,-8.86,33.2,57.71,-6.944137030817534,-3360.85546875,0.502185733765,13202.0,1247898.0,0
2021-12-14,XX,0.99,16.7,0.43,-1.57,38.37,59.32,-0.2674827620426481,-124.84765625,0.5021225451270879,15574.0,1319406.0,0
2021-12-15,XX,0.94,17.59,0.38,-2.43,38.64,60.42,4.7838778099981205,2284.08984375,0.5021700762475758,18296.0,1490044.0,0
2021-12-16,XX,1.15,19.34,0.42,-4.57,37.96,61.99,-2.550406419845907,-1231.296875,0.5023066654793789,14644.0,1474944.0,0
2021-12-17,XX,1.95,19.59,0.3,-7.75,39.15,60.71,-3.1180093256039694,-1463.28125,0.5024939525972588,14004.0,1464654.0,0
2021-12-18,XX,1.38,20.83,0.35,-10.48,38.34,62.79,1.389869565630835,646.6328125,0.5024580703122802,12132.0,1166054.0,1
2021-12-19,XX,1.86,20.6,0.59,-14.07,35.2,63.16,-0.3030530184136009,-141.76171875,0.5022924444366537,8704.0,965244.0,0
2021-12-20,XX,1.39,23.15,0.31,-18.34,34.91,62.01,0.3702680378992096,173.26171875,0.5022348295466605,13938.0,1483750.0,0
2021-12-21,XX,1.54,21.81,0.19,-18.15,37.74,61.47,4.2928792887467,2056.3359375,0.5022661450514668,15420.0,1595822.0,0
2021-12-22,XX,1.8,22.33,0.24,-17.47,39.91,62.97,-0.6315834406489169,-308.1015625,0.5024173655521604,20598.0,1818284.0,0
2021-12-23,XX,1.55,24.34,0.22,-15.23,39.99,64.4,4.3381939329586325,2156.02734375,0.5026248508152436,14396.0,1992430.0,0
2021-12-24,XX,1.61,23.91,0.36,-14.49,40.93,63.83,0.0741215667556981,37.65625,0.5028257909302782,11770.0,1721312.0,0
2021-12-25,XX,1.99,25.87,0.3,-23.53,38.33,62.65,-0.7749727198994439,-392.3359375,0.502737138203537,8544.0,1394466.0,0
2021-12-26,XX,2.4,25.24,0.52,-26.09,35.26,65.95,0.7500204929835927,379.65625,0.5025419994497468,7504.0,1160110.0,0
2021-12-27,XX,1.7,26.09,0.32,-24.42,38.05,66.75,-0.3333620966693561,-169.09765625,0.5026111006007259,13248.0,2545472.0,0
2021-12-28,XX,1.78,25.24,0.26,-24.4,39.82,63.97,-6.215142651197651,-3051.5625,0.5027577760392226,14780.0,2672468.0,0
2021-12-29,XX,1.6,23.91,0.34,-23.82,39.14,64.73,-2.4336011956341843,-1144.14453125,0.503181134663557,16148.0,3452344.0,0
2021-12-30,XX,1.51,24.51,0.28,-24.67,41.17,65.54,1.566773871313257,733.4140625,0.5037924126306832,15048.0,3883396.0,0
2021-12-31,XX,1.97,26.21,0.31,-24.16,43.39,66.69,-1.8649172756865189,-871.6796875,0.5043484458946572,13194.0,3453548.0,0
2022-01-01,XX,1.87,25.22,0.31,-12.56,41.46,67.28,2.937373314776973,1380.3671875,0.5042480671662836,8594.0,2404822.0,0
2022-01-02,XX,1.51,23.91,0.23,-11.45,41.21,68.23,-0.7189054400021723,-341.59375,0.5039568628669743,6474.0,1839836.0,0
2022-01-03,XX,2.1,26.59,1.39,-19.9,38.36,67.45,-1.8914636695763705,-887.1015625,0.5041738586412344,12176.0,4779280.0,0
2022-01-04,XX,1.74,23.92,0.46,-19.12,40.73,65.35,-1.2138934663861074,-560.54296875,0.5044084827044506,15908.0,5062030.0,0
2022-01-05,XX,1.75,22.01,0.28,-22.28,41.21,65.66,-5.206628845481276,-2328.5703125,0.5047770842240114,16048.0,5164946.0,0
2022-01-06,XX,1.8,22.67,0.27,-26.25,39.92,63.47,-0.941029730358978,-408.07421875,0.5054347344479808,14854.0,5305034.0,0
2022-01-07,XX,1.75,22.98,0.29,-33.99,41.41,63.77,-3.7847988650375175,-1603.02734375,0.5063445445654372,14506.0,5880210.0,0
2022-01-08,XX,1.77,23.71,0.27,-41.02,40.34,63.94,0.4227048332596754,176.0390625,0.5061873789781526,10702.0,4310776.0,0
2022-01-09,XX,2.01,22.64,0.51,-35.8,38.33,60.98,0.4247935206112906,177.66015625,0.5058442166536148,7942.0,4042962.0,0
2022-01-10,XX,1.37,21.95,0.5,-25.57,36.03,64.28,-0.2157811766201214,-90.33984375,0.5060039504653226,12966.0,6355652.0,0
2022-01-11,XX,1.44,20.74,0.23,-27.46,41.86,61.85,2.1633410637439376,914.59375,0.5061856785167766,19112.0,6211094.0,0
2022-01-12,XX,1.58,19.44,0.36,-25.52,40.75,62.49,2.799390725191184,1213.24609375,0.5063797558909299,18254.0,6918020.0,0
2022-01-13,XX,1.4,20.67,0.89,-28.07,39.94,63.59,-3.137582795207003,-1357.53125,0.5068103902882635,16568.0,6381688.0,0
2022-01-14,XX,1.29,20.44,0.49,-32.57,39.63,64.04,1.1859664695822616,508.12890625,0.5073547618504645,15870.0,6601220.0,1
2022-01-15,XX,1.46,20.88,0.49,-35.26,38.98,63.32,0.1801155622209457,77.69921875,0.5070113034867605,12432.0,4928272.0,0
2022-01-16,XX,1.86,17.51,0.4,-38.71,36.85,62.32,-0.1472212364401536,-63.51953125,0.5064746750003777,8694.0,4317372.0,0
2022-01-17,XX,1.97,18.87,0.45,-49.43,39.39,60.72,-2.022757169904886,-863.328125,0.5060655251310282,12492.0,5415166.0,0
2022-01-18,XX,1.45,19.16,0.29,-49.44,38.18,59.94,0.2956109256612036,125.08203125,0.5062651317382006,18690.0,7608386.0,0
2022-01-19,XX,0.98,17.73,0.23,-49.44,38.23,61.52,-1.5009910442870609,-631.3046875,0.5065571313250405,20108.0,8231630.0,0
2022-01-20,XX,1.46,17.47,0.22,-42.16,38.39,62.44,-2.5816743095603862,-1063.91015625,0.5070448739510434,19188.0,7426058.0,0
2022-01-21,XX,1.34,16.91,0.24,-30.88,40.67,60.76,-10.960468291543991,-4223.1015625,0.5077330717644597,19942.0,7658026.0,0
2022-01-22,XX,1.3,17.4,0.38,-23.29,36.96,61.77,-3.9930188839646727,-1427.06640625,0.5076859522490553,12234.0,5472736.0,0
2022-01-23,XX,1.24,14.74,0.3,-15.29,33.74,61.97,3.496657378118156,1246.5546875,0.5070261741337253,9980.0,4854518.0,0
2022-01-24,XX,1.24,15.82,0.4,-15.62,33.26,59.12,1.0352967106698905,377.5234375,0.5067040207721059,17436.0,6986238.0,0
2022-01-25,XX,1.28,17.88,0.51,-16.9,38.55,59.56,0.8142486826951165,299.67578125,0.5066619834582684,21350.0,7408558.0,1
2022-01-26,XX,1.48,18.12,0.48,-15.46,40.05,61.08,-0.2760824449565606,-101.8828125,0.5065771245478108,21192.0,7454154.0,0
2022-01-27,XX,1.05,16.29,0.5,-18.31,38.32,61.73,0.7733837890785913,286.11328125,0.5069625268438918,20948.0,7427040.0,0
2022-01-28,XX,1.04,16.13,0.62,-16.85,38.19,60.74,1.7247505090414967,646.09765625,0.5074828746161961,24488.0,7228662.0,0
2022-01-29,XX,1.12,15.17,0.4,-17.1,39.42,58.53,0.9321351739209748,353.84765625,0.5071263744249865,15834.0,5331692.0,0
2022-01-30,XX,1.36,14.9,1.22,-26.58,35.59,58.59,-0.5800446457155093,-220.578125,0.5064767001501853,11298.0,4538142.0,0
2022-01-31,XX,1.03,15.67,1.21,-23.21,37.02,60.35,1.4804408066392667,565.5234375,0.5063582625767512,19780.0,7172836.0,0
2022-02-01,XX,1.38,16.54,0.96,-22.58,35.69,58.91,0.6737318502634114,260.1484375,0.506216490745757,28008.0,6419404.0,0
2022-02-02,XX,0.76,15.64,0.56,-23.14,38.35,60.66,-4.731073995912287,-1790.2890625,0.5060345735718117,24278.0,6436382.0,0
2022-02-03,XX,1.08,16.11,0.49,-19.71,38.15,58.78,0.544121583199158,201.6171875,0.5062478005799782,23352.0,6370834.0,0
2022-02-04,XX,1.06,16.14,0.69,-20.29,39.01,58.37,11.062688345744714,4346.2734375,0.5065852410266644,26304.0,5821178.0,0
2022-02-05,XX,1.14,15.85,0.56,-16.43,38.9,58.23,-0.1439823483734813,-59.7109375,0.5060622440776918,16480.0,4418962.0,0
2022-02-06,XX,0.67,15.03,1.17,-4.86,32.34,59.03,2.316687651757865,971.26953125,0.5054051967140254,11742.0,3642624.0,0
2022-02-07,XX,0.87,17.23,0.54,2.86,32.95,57.87,3.311158270953735,1427.8515625,0.5051305213080928,21692.0,5103110.0,0
2022-02-08,XX,0.75,16.68,0.66,3.62,37.8,58.03,0.6324808965338508,278.16015625,0.5050223879304453,26632.0,5671838.0,0
2022-02-09,XX,0.91,15.78,0.49,3.49,37.87,58.22,0.498211368199733,220.3515625,0.5048533477433867,26522.0,4914826.0,0
2022-02-10,XX,0.8,15.22,0.48,3.59,37.13,58.7,-1.760339378138894,-773.68359375,0.505078218548391,23440.0,5536406.0,0
2022-02-11,XX,0.84,15.71,0.4,3.54,37.69,58.1,-2.692112605517185,-1157.17578125,0.5053679971836297,24294.0,4775730.0,0
2022-02-12,XX,0.97,14.58,0.3,1.22,35.08,57.79,-0.386212183286643,-163.46875,0.505072845987721,17350.0,3653248.0,0
2022-02-13,XX,0.96,14.27,0.29,-5.58,30.32,55.77,-0.1112080209543203,-46.953125,0.5044504488518169,10344.0,2910414.0,0
2022-02-14,XX,0.58,12.39,0.32,-14.93,31.17,54.5,0.9185768314632,389.40234375,0.5041811928904661,22106.0,3594440.0,0
2022-02-15,XX,1.03,14.28,0.26,-14.75,32.83,54.58,4.563060448724069,1988.28515625,0.5038374054462489,21124.0,3567152.0,0
2022-02-16,XX,0.89,13.71,0.34,-14.51,35.08,56.48,-1.385529504989858,-613.34375,0.5038505679651691,26366.0,4838786.0,0
2022-02-17,XX,0.94,14.63,0.39,-14.11,36.0,56.96,-8.108233071910446,-3423.84765625,0.5039778816306275,24734.0,4073256.0,1
2022-02-18,XX,0.83,13.95,0.38,-14.51,38.11,56.55,-1.2586526423760571,-507.03515625,0.5042264117246538,21172.0,3883958.0,0
2022-02-19,XX,0.77,12.27,0.59,-13.64,37.28,57.56,0.2275138191892225,91.1796875,0.5040820668746137,16722.0,3106378.0,0
2022-02-20,XX,0.88,11.56,0.21,-7.28,28.62,53.4,-4.3054421746525255,-1690.77734375,0.5038053476966837,10660.0,2538332.0,0
2022-02-21,XX,0.9,12.66,0.3,-8.03,30.1,56.23,-3.592381094835431,-1356.09765625,0.503384422155239,14874.0,2919574.0,0
2022-02-22,XX,0.7,12.55,0.41,-7.21,32.4,53.68,3.213453434150656,1210.74609375,0.5032570116196511,20306.0,3615286.0,0
2022-02-23,XX,0.71,12.2,0.24,-7.2,36.57,55.16,-2.618363461542035,-989.45703125,0.5032743072354098,23944.0,3886826.0,0
2022-02-24,XX,0.87,13.11,0.38,-8.1,36.37,55.51,2.739957995154981,1036.0390625,0.5033742326668624,21502.0,3516614.0,0
2022-02-25,XX,0.91,11.9,0.46,-7.57,37.52,56.4,2.2738450595305904,881.609375,0.503533874834007,17690.0,3187314.0,0
2022-02-26,XX,1.24,10.46,0.64,-7.01,36.07,54.8,-0.2785272326076934,-109.0703125,0.5034716750011704,12624.0,2719356.0,0
2022-02-27,XX,0.87,8.19,0.31,-17.95,30.94,52.33,-3.6334517924426977,-1395.36328125,0.5031328918197917,8880.0,2172182.0,0
2022-02-28,XX,1.3,8.13,0.17,-7.74,32.12,54.75,13.576425730332168,5483.44921875,0.5028873696602683,15678.0,2857928.0,0
2022-03-01,XX,1.32,12.19,0.77,-8.21,36.56,55.67,2.653338033252476,1161.40234375,0.5027645289493967,16012.0,3127130.0,0
2022-03-02,XX,0.69,10.96,0.35,-7.6,36.08,56.34,-0.9753715935407228,-430.51953125,0.50276024525635,15922.0,3347178.0,0
2022-03-03,XX,0.91,13.28,0.36,-6.94,36.51,56.49,-3.409447865241336,-1472.328125,0.5029499071426009,16766.0,3804792.0,0
2022-03-04,XX,1.15,11.43,0.53,-6.93,37.65,55.06,-8.12852755652355,-3314.18359375,0.5032073137782942,17036.0,3437726.0,0
2022-03-05,XX,0.73,10.01,0.32,-6.36,36.39,54.86,0.6696906228633431,262.98046875,0.5031390956685089,10926.0,2786998.0,0
2022-03-06,XX,0.77,8.76,0.15,6.14,28.37,51.23,-2.5202937052357024,-980.6015625,0.5029338684506729,8004.0,2322766.0,0
2022-03-07,XX,0.53,8.09,0.14,-4.43,28.61,50.45,-0.93603152707349,-357.9453125,0.5028759305553259,15612.0,3021524.0,0
2022-03-08,XX,0.56,11.41,0.26,-4.14,33.73,54.8,1.758473821596099,675.23046875,0.5028277189672745,14386.0,3709284.0,0
2022-03-09,XX,0.79,12.05,0.27,-4.71,34.25,54.31,8.046083301385845,3245.65625,0.5028476351135237,15396.0,3771132.0,0
2022-03-10,XX,0.69,12.36,0.27,-5.29,39.08,54.45,-6.254685680053027,-2545.46484375,0.5029985452070017,14772.0,3646096.0,0
2022-03-11,XX,0.76,12.5,0.27,-5.43,36.68,54.56,-1.6425482290646416,-642.48828125,0.5032245321428683,12608.0,3667810.0,0
2022-03-12,XX,1.15,11.91,0.67,-5.71,38.22,53.73,0.2806706804667275,109.0390625,0.5031907361443673,9364.0,3314440.0,0
2022-03-13,XX,1.03,9.65,0.47,-6.43,29.94,52.83,-2.7475269974984844,-1054.34765625,0.5029225558919569,6594.0,2413078.0,0
2022-03-14,XX,1.43,13.55,1.12,-6.0,29.44,54.74,4.689129940953424,1817.08984375,0.5027450637096309,3190.0,3469004.0,0
2022-03-15,XX,1.04,12.38,0.32,-7.39,33.8,54.02,-0.8302471898178111,-327.96875,0.5027079674244146,11000.0,3730784.0,0
2022-03-16,XX,1.09,12.95,0.27,-19.66,37.74,55.67,4.486546767420043,1805.14453125,0.502824011676936,13824.0,4506782.0,0
2022-03-17,XX,0.95,12.61,0.67,-19.83,36.82,54.76,-0.4690916877794194,-192.55078125,0.5029736413845398,14410.0,4108566.0,0
2022-03-18,XX,0.83,13.01,0.37,-19.86,38.25,53.36,2.0538517974936226,849.77734375,0.5031882259934268,10744.0,3749702.0,0
2022-03-19,XX,0.97,12.11,0.47,-20.55,33.77,55.25,0.9274687432012266,389.49609375,0.5031807862548701,7422.0,3160800.0,0
2022-03-20,XX,2.07,10.53,0.28,-21.38,29.04,53.67,-2.26003228859662,-942.828125,0.5028956441690107,6044.0,2047232.0,0
2022-03-21,XX,0.89,9.97,0.19,-8.84,30.75,50.62,-0.4125761887466681,-169.828125,0.5028446135481204,32540.0,2758630.0,0
2022-03-22,XX,0.56,11.46,0.31,-7.0,35.7,53.68,3.070379130997368,1280.8125,0.5027728793367081,9838.0,3996334.0,0
2022-03-23,XX,0.68,11.71,0.51,5.29,36.68,54.8,1.2531246090632069,534.1484375,0.5027080755855897,11210.0,3287684.0,0
2022-03-24,XX,0.68,11.56,0.14,5.29,35.51,54.41,2.4593725965785045,1067.9765625,0.5027332032481371,10556.0,3162510.0,0
2022-03-25,XX,0.82,12.08,0.44,4.9,37.52,54.62,0.8782716407665668,387.796875,0.5030150331245269,17694.0,3329968.0,0
2022-03-26,XX,0.66,10.97,0.17,4.57,36.7,53.24,0.3423715485572529,152.09765625,0.5026573272264239,5304.0,2210038.0,0
