Date,cases,deaths,COUNTRY_CODE,panic_index,media_hype_index,fake_news_index,sentiment_index,infodemic_index,media_coverage_index,Retornos_BTC,volatilidad,gfi
2020-01-27,5858,164,XX,1.34,8.93,0.1,-53.16,14.81,37.63,3.5760424982363253,312.9892578125,0.8342504215998192
2020-01-28,11160,262,XX,0.99,7.79,0.18,-61.93,15.25,31.94,4.914065669354804,448.7705078125,0.8869277627666889
2020-01-29,12338,266,XX,1.07,9.06,0.19,-57.25,17.16,34.2,-0.44936586728142575,-41.9599609375,0.8518816198881134
2020-01-30,16474,342,XX,1.22,9.82,0.26,-51.85,17.69,36.28,2.0437036918080174,192.36328125,0.82713720819854
2020-01-31,19854,426,XX,1.34,9.85,0.38,-52.19,19.05,37.71,-1.6805048675941272,-158.4638671875,0.8079220697867676
2020-02-01,24076,518,XX,1.48,11.27,0.51,-49.37,19.86,40.39,0.4518472151643944,42.345703125,0.7819167956405362
2020-02-02,33574,724,XX,1.49,10.41,0.46,-49.67,20.72,42.32,-0.5177910236525379,-48.509765625,0.7424026231777454
2020-02-03,39774,852,XX,1.48,12.33,0.45,-49.64,21.17,45.81,-0.545597007771587,-50.84375,0.7626579232400504
2020-02-04,47798,984,XX,1.74,11.12,0.45,-52.89,20.0,38.57,-1.21854536490776,-112.55859375,0.7428822724011188
2020-02-05,55288,1128,XX,1.27,10.5,0.46,-52.33,19.13,37.03,4.602834799275258,432.4609375,0.730824490958637
2020-02-06,61612,1268,XX,0.93,10.44,0.24,-52.07,20.52,37.66,1.2033084493942918,116.3779296875,0.7144967868533809
2020-02-07,68800,1438,XX,1.19,9.31,0.26,-45.12,20.74,37.3,0.6774835392772002,66.1416015625,0.6685852604768712
2020-02-08,74262,1612,XX,1.33,8.83,0.39,-38.65,19.47,39.45,0.7036859447460035,69.17578125,0.6527180924410747
2020-02-09,80324,1812,XX,1.81,9.45,0.39,-33.52,19.29,39.66,2.517972021925015,251.5546875,0.6375011866707249
2020-02-10,85542,2026,XX,1.69,10.38,0.38,-28.16,20.86,41.74,-2.6042505869956383,-260.0625,0.624886051266585
2020-02-11,89628,2226,XX,1.04,9.83,0.17,-25.49,18.99,37.24,3.5052446746270767,351.625,0.6148565788603185
2020-02-12,90464,2236,XX,0.88,8.95,0.21,-26.03,19.32,38.07,1.1475404940051999,117.818359375,0.5883069195052822
2020-02-13,120768,2742,XX,0.88,9.25,0.16,-26.07,19.59,38.66,-1.0873762642183453,-111.6748046875,0.6244967718828035
2020-02-14,133824,3046,XX,0.73,9.89,0.2,-27.7,20.5,39.8,0.9523015160699344,97.736328125,0.6259603049561773
2020-02-15,138110,3332,XX,0.8,9.11,0.25,-34.13,20.29,37.85,-4.185355039924229,-422.69140625,0.6196978489224518
2020-02-16,142476,3540,XX,1.13,8.86,0.3,-33.24,18.78,37.67,0.45408785208573843,45.0087890625,0.6138946630297022
2020-02-17,146546,3736,XX,1.28,10.16,0.22,-30.14,19.63,40.06,-2.489772344158013,-244.291015625,0.621948765985072
2020-02-18,150310,4016,XX,1.05,11.26,0.28,-32.97,18.24,39.55,4.557569247775114,451.853515625,0.5743742540183208
2020-02-19,151310,4246,XX,0.72,10.43,0.2,-37.43,20.0,39.91,-5.144998404328957,-508.609375,0.5564723644616346
2020-02-20,152432,4496,XX,0.63,8.77,0.2,-41.53,19.78,36.49,-0.25892656683303505,-24.9111328125,0.5494977657865079
2020-02-21,153692,4504,XX,0.72,8.7,0.17,-39.85,20.63,36.01,0.8081532009711981,77.9658203125,0.5394278182671893
2020-02-22,157216,4918,XX,1.21,9.96,0.24,-39.88,20.13,35.43,-0.24041581349733818,-23.259765625,0.5429276057044446
2020-02-23,157980,4940,XX,1.12,9.27,0.22,-44.17,18.18,36.84,2.668506547579107,261.333984375,0.5320125576790622
2020-02-24,159116,5260,XX,1.58,12.02,0.65,-52.39,20.73,41.22,-2.8031992193656916,-274.3408203125,0.5329538903699291
2020-02-25,160826,5420,XX,1.62,12.77,0.24,-49.33,22.33,41.51,-3.248723753845248,-308.4697265625,0.5299946347678401
2020-02-26,162782,5542,XX,1.33,11.63,0.15,-49.35,23.54,43.0,-5.740768792548737,-521.1826171875,0.5330118612568953
2020-02-27,165500,5628,XX,1.68,14.23,0.5,-50.03,25.91,46.31,-0.40929663884492684,-36.0283203125,0.5232484332373302
2020-02-28,168298,5746,XX,2.29,15.64,0.42,-56.9,27.13,48.77,-1.2836217768337237,-112.0390625,0.5267622825900902
2020-02-29,172086,5886,XX,3.04,18.5,0.43,-57.02,28.47,53.28,-0.8446835964171201,-72.9462890625,0.5238310094236537
2020-03-01,176846,5994,XX,2.86,17.23,1.35,-58.72,26.98,54.89,-0.4318240904803676,-37.0546875,0.5244329017987592
2020-03-02,180804,6172,XX,3.0,20.38,1.18,-55.16,29.92,57.26,3.5250739590151827,307.2158203125,0.5265586151518671
2020-03-03,186024,6320,XX,2.69,19.7,0.52,-53.77,29.15,54.71,-0.9274764811755474,-81.8837890625,0.5290758536971735
2020-03-04,190702,6510,XX,2.59,21.12,0.55,-48.47,31.15,55.2,-0.3709743670396993,-32.5400390625,0.5311858749645446
2020-03-05,196358,6696,XX,2.84,22.19,0.91,-42.41,31.76,55.65,3.628484201142127,323.5166015625,0.5325636805155265
2020-03-06,204224,6922,XX,2.83,21.96,0.59,-37.15,31.69,57.05,0.48110043680747855,43.783203125,0.5359234843635957
2020-03-07,212474,7132,XX,3.38,24.68,0.69,-32.29,34.35,57.43,-2.357983053034934,-212.591796875,0.5381717567388026
2020-03-08,220330,7614,XX,4.03,28.3,0.79,-31.0,34.49,58.12,-9.430352876922734,-801.837890625,0.5443225739916602
2020-03-09,228726,7994,XX,5.23,29.85,0.8,-33.64,36.41,61.18,-2.301429329184435,-184.4716796875,0.5482433503941366
2020-03-10,238538,8546,XX,4.78,28.57,0.93,-38.29,35.18,60.74,-0.17576850801850666,-13.9150390625,0.5545909632410172
2020-03-11,253938,9236,XX,4.26,31.24,0.73,-46.59,37.96,61.62,0.02149884883273101,1.70068359375,0.5629295661428793
2020-03-12,266184,9856,XX,4.07,33.27,0.74,-54.37,39.28,64.62,-46.4730175339773,-2940.64208984375,0.5681395084553873
2020-03-13,294572,10844,XX,6.06,41.48,0.72,-61.03,43.25,65.37,11.26862221975449,592.9189453125,0.57979463355126
2020-03-14,316814,11688,XX,7.01,47.08,0.93,-68.52,46.81,66.99,-6.7535570046571864,-363.3408203125,0.5872883870589706
2020-03-15,339666,12990,XX,7.68,55.88,1.11,-68.65,52.05,75.51,3.6245732630844447,191.94873046875,0.5953130906907378
2020-03-16,369308,14366,XX,8.8,61.16,1.07,-68.75,55.22,78.98,-7.264505770911891,-377.8349609375,0.6006164895978072
2020-03-17,401584,16002,XX,6.58,50.22,1.18,-66.06,50.32,75.58,4.124552567019178,211.1494140625,0.6101119402290459
2020-03-18,440954,17846,XX,6.32,52.11,1.26,-65.3,52.6,76.57,0.2448204386069575,12.80908203125,0.6107684802124148
2020-03-19,495570,20082,XX,6.49,52.98,1.44,-66.28,52.29,77.86,16.71043242496126,952.75439453125,0.6210625799219209
2020-03-20,557798,23080,XX,6.98,55.71,1.32,-64.19,56.49,78.2,0.12244500086869695,7.58544921875,0.6306969028048133
2020-03-21,621948,26540,XX,6.9,56.92,1.23,-61.87,56.5,79.88,-0.22144850761294074,-13.7119140625,0.6381194308686157
2020-03-22,692316,29916,XX,9.02,66.59,2.03,-61.44,61.76,78.7,-5.907702386252891,-354.8115234375,0.6421985222997608
2020-03-23,778366,33846,XX,8.05,68.87,1.53,-61.38,60.46,82.61,9.578323765146266,586.06005859375,0.6465617758097824
2020-03-24,860866,38488,XX,6.13,58.66,1.23,-58.6,58.68,80.8,4.844470857364082,318.48876953125,0.645890546182915
2020-03-25,963534,44158,XX,6.63,60.07,1.28,-59.14,59.12,82.2,-0.8011559939720809,-53.74072265625,0.6450453285638893
2020-03-26,1089684,50254,XX,6.25,59.5,1.34,-59.65,59.45,81.68,0.5281211361417012,35.37744140625,0.6455172967808338
2020-03-27,1219864,57254,XX,5.42,59.51,1.1,-62.63,61.89,82.12,-3.741337669931112,-246.64208984375,0.6473763308227107
2020-03-28,1359216,64964,XX,5.92,59.03,1.11,-65.8,60.01,83.93,-3.581324079079013,-227.6044921875,0.6466649761531295
2020-03-29,1472548,71964,XX,7.86,66.2,1.49,-66.34,60.23,80.99,-5.265021330566508,-320.15087890625,0.6413055619317167
2020-03-30,1603124,80170,XX,9.21,69.27,1.46,-67.33,63.87,81.45,8.226844860278629,507.798828125,0.6347112314972332
2020-03-31,1757514,89706,XX,5.3,58.16,1.1,-69.96,61.11,82.31,0.1368107409615196,8.802734375,0.629109364893937
2020-04-01,1921576,101804,XX,4.8,55.95,1.29,-60.37,62.23,81.1,2.5777803165675914,168.1318359375,0.6258648075285271
2020-04-02,2087636,113656,XX,5.23,56.45,1.23,-59.1,61.89,81.19,2.788875596596145,186.84814453125,0.620982528627499
2020-04-03,2255918,126152,XX,4.94,58.45,1.28,-56.88,62.46,82.59,-0.8906283829348234,-60.2373046875,0.6209054250733104
2020-04-04,2373654,138134,XX,5.79,60.11,1.15,-56.76,63.14,81.4,1.9725803844387817,134.14013671875,0.614819250169373
2020-04-05,2513812,148666,XX,7.06,66.34,1.51,-57.43,61.29,78.73,-1.1186860819705755,-76.39794921875,0.6061021177786062
2020-04-06,2661848,160666,XX,6.66,68.46,1.39,-56.7,61.61,79.84,6.838401551364988,480.65185546875,0.5964431290830978
2020-04-07,2800656,177430,XX,4.94,59.18,1.16,-55.74,63.82,81.17,-1.3201383140758696,-95.36669921875,0.5912381748707387
2020-04-08,2967650,191240,XX,5.16,57.33,1.38,-60.65,64.06,82.39,2.1734626116209514,157.68408203125,0.5853313311973685
2020-04-09,3140940,207006,XX,5.03,56.77,1.02,-56.6,63.25,81.75,-0.4373997983961782,-32.00927734375,0.5846713400804908
2020-04-10,3311286,221918,XX,4.53,58.37,1.0,-53.98,64.82,82.95,-6.165264619598333,-436.59619140625,0.5836423726228327
2020-04-11,3459292,234552,XX,5.79,62.26,1.32,-52.6,65.26,79.76,-0.09341136128114594,-6.41015625,0.5793067567483816
2020-04-12,3697042,246542,XX,6.6,64.54,1.21,-51.93,65.48,79.41,1.6198094339308036,112.0087890625,0.575241290100786
2020-04-13,3839608,258740,XX,6.41,63.99,1.16,-51.59,61.93,79.42,-1.8247903368068017,-126.05419921875,0.569524766203112
2020-04-14,4007066,273028,XX,4.65,57.9,1.37,-51.47,63.73,80.27,-0.03813508563592871,-2.60986328125,0.5646765966994143
2020-04-15,4164400,290202,XX,4.11,56.55,1.19,-56.22,65.23,80.19,-2.97129370766832,-200.31787109375,0.5618636067881897
2020-04-16,4353234,305018,XX,4.23,56.0,1.33,-61.54,64.17,81.01,6.902911272643515,474.6943359375,0.5612551953416869
2020-04-17,4529224,322162,XX,4.2,55.79,1.11,-65.97,63.28,80.07,-0.29015210954838366,-20.61962890625,0.558532642035837
2020-04-18,4682342,334664,XX,4.46,56.62,1.04,-66.77,63.66,80.04,2.2500902000608027,161.48046875,0.5567090918144204
2020-04-19,4834374,345422,XX,5.19,61.29,1.32,-66.35,62.79,77.77,-0.9446987957285106,-68.240234375,0.5526571986040772
2020-04-20,4986352,357560,XX,5.52,61.16,1.12,-66.41,58.36,79.33,-4.370789261905665,-307.46630859375,0.548452290153289
2020-04-21,5137680,372288,XX,4.21,53.99,0.99,-63.53,63.39,79.43,-0.02376428480456615,-1.63525390625,0.5454930666106892
2020-04-22,5301718,386344,XX,3.83,54.26,1.02,-58.89,65.32,80.13,3.3849812461733007,236.88427734375,0.5422914052923629
2020-04-23,5467144,400314,XX,3.94,53.04,0.93,-50.5,63.65,79.0,4.297334717626114,312.51708984375,0.5416616778272598
2020-04-24,5634186,414112,XX,3.8,52.84,0.93,-42.9,63.76,79.93,1.6178084496425684,121.17626953125,0.5417095924982678
2020-04-25,5800044,425888,XX,4.14,53.46,0.94,-39.22,64.51,80.73,0.25177397803475066,19.03515625,0.5406628354257544
2020-04-26,5940754,434392,XX,4.49,54.28,1.37,-38.49,61.06,74.92,1.4417636083330128,109.93115234375,0.5373692513828784
2020-04-27,6082540,444212,XX,5.22,57.88,1.76,-37.98,62.6,78.13,1.495735604802822,115.73388671875,0.5345654195473495
2020-04-28,6234208,457850,XX,3.57,51.2,1.11,-34.02,64.0,79.58,0.14686626299017075,11.45751953125,0.5331497276044501
2020-04-29,6389508,471672,XX,3.55,51.48,0.94,-34.69,64.79,80.74,11.984140644428901,993.9794921875,0.5319503612584281
2020-04-30,6557096,483762,XX,3.44,50.79,0.79,-34.47,65.55,78.5,-1.632197818592355,-142.484375,0.5312216525417801
2020-05-01,6733986,494682,XX,3.39,49.1,0.77,-34.46,67.17,79.27,2.353691044657035,206.212890625,0.531869065132877
2020-05-02,6890584,506382,XX,3.55,49.39,0.91,-34.81,65.32,81.52,1.3872127279034094,123.830078125,0.5319218030454449
2020-05-03,7038764,514064,XX,4.54,50.75,0.88,-35.01,62.39,76.86,-1.0189912204170495,-91.1279296875,0.5296136414855781
2020-05-04,7193152,522964,XX,5.65,57.65,1.58,-34.13,61.57,77.25,0.1705271829389974,15.185546875,0.5276838806105455
2020-05-05,7352710,535162,XX,3.56,51.32,0.95,-38.02,65.45,77.92,1.0093566989645255,90.416015625,0.5269108594166989
2020-05-06,7534170,548890,XX,3.12,49.84,0.69,-32.3,65.44,78.46,2.9084126239824877,265.69140625,0.5270066190001482
2020-05-07,7711478,560228,XX,3.24,50.05,0.73,-32.29,66.84,78.88,7.107536685466279,682.7568359375,0.5266752458949602
2020-05-08,7892238,572018,XX,3.07,47.97,0.59,-29.96,67.67,79.37,-1.0998547172291293,-108.8525390625,0.5276304530954066
2020-05-09,8060352,581124,XX,3.45,47.69,0.8,-30.44,66.56,77.44,-2.5599497514193534,-248.76953125,0.5273823678183176
2020-05-10,8210598,589216,XX,4.94,52.21,0.92,-30.17,63.03,72.71,-9.133874992634656,-837.4658203125,0.5257992628233485
2020-05-11,8363168,597004,XX,6.18,58.41,0.75,-31.53,65.85,76.58,-1.7817356616017375,-154.634765625,0.5235337866070967
2020-05-12,8533134,608684,XX,3.66,49.35,0.7,-31.47,67.09,77.23,2.3289396482524602,202.681640625,0.5230085375569264
2020-05-13,8702060,619634,XX,3.24,48.66,0.71,-31.49,65.9,76.53,5.152160673099469,465.509765625,0.5221897987661519
2020-05-14,8892298,630792,XX,3.5,48.57,0.64,-31.84,66.28,77.76,4.881430833652742,463.734375,0.5225144314666632
2020-05-15,9084586,642060,XX,3.65,48.27,0.78,-32.38,65.71,80.09,-4.255454133663077,-405.5244140625,0.5233629209185999
2020-05-16,9272654,651128,XX,3.36,46.84,0.58,-30.53,64.36,76.13,0.5219563387115276,48.81640625,0.523733595194044
2020-05-17,9429556,658284,XX,3.18,45.89,1.0,-30.08,56.95,75.03,3.084341466898477,293.7255859375,0.5222633112487705
2020-05-18,9607278,666588,XX,4.01,53.11,0.82,-29.8,59.54,75.24,0.5757095071523827,55.8359375,0.5214863996669691
2020-05-19,9800264,676862,XX,2.9,47.82,0.58,-24.2,64.53,77.17,0.02531804680276828,2.462890625,0.5209511709944159
2020-05-20,10010810,687604,XX,3.14,47.03,0.68,-22.76,62.89,76.61,-2.1407053865041545,-206.056640625,0.5206893393451297
2020-05-21,10222024,697514,XX,3.08,47.3,0.75,-19.73,64.29,77.35,-4.743978112005262,-441.2197265625,0.5207733826265726
2020-05-22,10436976,708890,XX,3.02,45.61,0.98,-19.78,63.64,77.07,1.1039704675422357,100.8154296875,0.5219311109800912
2020-05-23,10645050,717634,XX,3.28,45.82,0.82,-20.95,62.26,76.27,0.2904542937138854,26.7099609375,0.5220297854464033
2020-05-24,10831334,724584,XX,3.9,50.74,0.68,-16.51,58.2,71.87,-4.655584805354227,-418.9189453125,0.5210068143791513
2020-05-25,11007506,727628,XX,4.2,52.75,0.74,-15.93,58.59,75.54,1.3173543308948166,116.56640625,0.5189253075517655
2020-05-26,11193392,736908,XX,3.39,49.93,0.62,-15.04,62.47,72.73,-0.8103063993220552,-71.8818359375,0.518205419939662
2020-05-27,11398264,747646,XX,3.11,45.54,0.88,-14.18,63.97,75.54,3.8410971222694656,345.96484375,0.5176582374786458
2020-05-28,11638190,757706,XX,3.08,44.25,0.88,-13.54,63.96,76.82,3.686071480897355,344.7333984375,0.517932529848318
2020-05-29,11881420,768018,XX,2.85,44.14,0.84,-13.31,62.39,75.71,-0.913557886418624,-86.626953125,0.5188332094451504
2020-05-30,12151324,776574,XX,2.74,41.21,0.73,-12.13,61.45,76.43,2.730538972956484,261.2900390625,0.5204824147164822
2020-05-31,12357180,782854,XX,3.75,40.92,0.65,-12.12,55.33,71.09,-2.4984292562996218,-239.35546875,0.5199122286335058
2020-06-01,12557374,790134,XX,4.1,42.1,0.7,-11.26,55.34,71.41,7.198931640233779,706.2099609375,0.5190037816879907
2020-06-02,12803792,800696,XX,2.92,39.1,0.5,-12.82,62.68,73.22,-6.4749474802836655,-637.46484375,0.5188186180933742
2020-06-03,13026100,812054,XX,2.77,37.42,0.5,-14.79,60.21,73.95,1.3229694990896244,126.9140625,0.5184567052401166
2020-06-04,13302204,822924,XX,2.45,38.31,0.5,-16.26,60.05,73.99,1.4793539385652563,143.9189453125,0.5185481979902895
2020-06-05,13569318,833166,XX,2.39,39.2,0.59,-16.8,59.6,73.81,-1.3881075272663914,-135.103515625,0.5194715351759736
2020-06-06,13828570,841330,XX,2.4,38.58,0.46,-10.19,59.91,73.41,-0.12271221586050945,-11.853515625,0.5198893546487908
2020-06-07,14050550,847562,XX,3.24,39.33,0.45,-5.33,55.66,70.94,1.0835668358634767,105.1728515625,0.518715084386635
2020-06-08,14256972,856232,XX,3.24,41.1,0.61,-5.11,56.69,68.22,0.12940603543832424,12.63671875,0.517898982989307
2020-06-09,14509612,866454,XX,2.38,38.83,0.34,-3.25,61.66,73.27,0.2474647666023554,24.2109375,0.5172950925080817
2020-06-10,14783250,877322,XX,2.52,38.0,0.42,-8.39,58.86,72.95,0.756591700730524,74.39453125,0.517157611938211
2020-06-11,15054158,887484,XX,2.2,37.19,0.46,-7.58,59.1,74.33,-5.715571914128428,-548.3134765625,0.5172825410358941
2020-06-12,15309644,896954,XX,2.36,37.76,0.89,-6.85,58.19,73.72,1.691958379014404,159.0625,0.5177992784119989
2020-06-13,15576908,905752,XX,3.24,38.8,1.04,-17.8,58.83,73.51,-0.05872938226618028,-5.56640625,0.5180868840230661
2020-06-14,15840674,913072,XX,3.19,41.45,0.57,-25.93,53.06,68.34,-0.9382843818570022,-88.4892578125,0.5175133794814957
2020-06-15,16090220,921048,XX,3.13,41.09,0.62,-25.41,52.99,70.21,0.6785862337686215,63.9140625,0.516661837516471
2020-06-16,16378994,935316,XX,2.25,39.23,0.49,-25.4,58.93,73.19,0.9197339368026769,87.322265625,0.5170971694698305
2020-06-17,16665286,946276,XX,2.62,38.8,0.77,-18.31,58.26,73.28,-0.6075177257296804,-57.76953125,0.5172888724922908
2020-06-18,16951972,956924,XX,2.78,37.34,0.88,-17.2,57.7,74.17,-0.724264397501192,-68.4140625,0.5174361002975782
2020-06-19,17313560,969618,XX,2.32,36.71,0.52,-16.11,58.29,73.23,-1.3243316204145585,-123.822265625,0.5186149901336023
2020-06-20,17684782,978488,XX,2.47,37.84,0.48,-4.63,56.26,72.28,0.4760633072752032,44.322265625,0.5193625677413974
2020-06-21,17870638,987666,XX,3.12,39.31,0.58,3.09,53.51,70.07,-0.3081241183796443,-28.7109375,0.517693865331531
2020-06-22,18154886,995256,XX,3.49,41.69,1.13,12.59,52.98,69.86,3.6420399315631338,345.087890625,0.5170018252314602
2020-06-23,18491964,1006420,XX,2.52,38.58,0.7,12.68,59.48,71.29,-0.1977301049161919,-19.0595703125,0.5171646808032668
2020-06-24,18834424,1017354,XX,2.86,37.62,0.51,12.94,58.08,71.54,-3.3370923273779836,-316.0478515625,0.5165244421463402
2020-06-25,19193052,1027518,XX,3.24,38.79,0.44,12.78,59.83,72.89,-0.5253081495321346,-48.796875,0.5163351739722611
2020-06-26,19578320,1037678,XX,2.67,39.17,0.46,11.79,58.53,73.88,-1.1059043986902697,-101.8955078125,0.5175733358146233
2020-06-27,19930462,1047060,XX,3.2,39.05,0.6,11.86,56.88,72.77,-1.2909378740095026,-117.52734375,0.5179965735129712
2020-06-28,20267324,1054204,XX,3.24,40.73,0.49,14.46,54.95,69.32,1.0796911071170563,98.19140625,0.5172484638033021
2020-06-29,20572468,1062246,XX,4.28,41.29,0.64,11.9,53.71,70.5,0.5156696867222046,47.2724609375,0.5164229801179381
2020-06-30,20939952,1072720,XX,2.82,39.35,0.6,11.52,58.56,73.18,-0.5768117633966838,-52.861328125,0.5162625221335102
2020-07-01,21369904,1083460,XX,2.54,38.38,0.46,10.48,58.38,72.17,0.983678469207803,90.33203125,0.5163340299061687
2020-07-02,21779070,1094414,XX,2.51,38.61,0.56,8.75,56.94,72.9,-1.1433924918011267,-104.9150390625,0.5166084505975973
2020-07-03,22183998,1104882,XX,2.86,38.44,0.37,11.68,56.29,72.67,-0.3965412107265914,-36.1064453125,0.5171554735131183
2020-07-04,22563358,1114412,XX,3.28,38.9,0.43,11.97,55.44,73.17,0.4959953765059784,45.1845703125,0.517530019329083
2020-07-05,22935488,1122012,XX,3.03,40.89,0.38,9.03,52.43,70.51,-0.6431364974036432,-58.5458984375,0.5169852700206727
2020-07-06,23271650,1130440,XX,4.58,41.99,0.75,9.35,53.94,72.42,3.2690364054528693,301.5322265625,0.5159552061460007
2020-07-07,23690738,1143206,XX,2.92,39.19,0.51,9.9,57.21,72.98,-1.3227475028494522,-123.197265625,0.5159619725277592
2020-07-08,24120822,1154470,XX,2.56,39.28,0.5,10.47,55.54,73.08,1.8849585054621958,176.0556640625,0.5159438958403727
2020-07-09,24568968,1166076,XX,3.0,38.5,0.6,11.98,57.91,72.34,-1.6076772716190906,-150.365234375,0.5163018870982641
2020-07-10,25035206,1177560,XX,2.67,37.56,0.64,9.38,56.32,74.03,0.009051613040455209,0.83984375,0.5169816620885198
2020-07-11,25460832,1187768,XX,2.75,37.83,0.67,9.0,55.72,72.26,-0.4153644618958577,-38.4609375,0.5174129715549196
2020-07-12,25846434,1196338,XX,3.95,40.6,1.09,4.96,53.4,70.42,0.39049160883403894,36.1533203125,0.5165567859487737
2020-07-13,26235096,1205098,XX,3.84,41.92,0.72,-2.99,51.3,72.09,-0.3551357868856212,-32.8857421875,0.5158607685584424
2020-07-14,26677276,1217072,XX,2.52,38.07,0.62,-6.9,56.85,71.74,-0.004331631390260929,-0.400390625,0.5156348298165158
2020-07-15,27135868,1228864,XX,2.68,38.75,0.53,-9.14,57.04,73.55,-0.5465061808117077,-50.376953125,0.5153961201368822
2020-07-16,27625772,1241194,XX,3.18,38.68,0.45,-11.25,58.31,73.4,-0.6614939463274875,-60.609375,0.5156941725413655
2020-07-17,28100820,1255176,XX,3.07,37.78,0.45,-9.28,56.99,73.69,0.20964170070042948,19.1650390625,0.5164473464834097
2020-07-18,28571150,1268176,XX,2.76,38.55,0.56,-9.38,56.03,73.66,0.0835311927582492,7.6474609375,0.5170319276898114
2020-07-19,28994872,1277958,XX,2.95,38.51,0.52,-9.39,52.1,71.25,0.29193317943758057,26.77734375,0.5165080687369361
2020-07-20,29411514,1285802,XX,3.15,40.21,0.56,-8.3,48.05,72.71,-0.23526855605594835,-21.5859375,0.5157213856106766
2020-07-21,29897502,1298516,XX,2.7,37.49,0.41,-7.01,57.26,72.18,2.2726572419009328,210.65625,0.5155156640375047
2020-07-22,30448050,1313258,XX,2.64,38.28,0.58,-7.45,55.76,73.86,1.5923467431184803,150.4755859375,0.5156759696346277
2020-07-23,31007718,1326542,XX,3.1,37.3,0.38,-6.86,56.11,73.87,0.5831453188377249,55.708984375,0.5158476682831721
2020-07-24,31574866,1339452,XX,2.6,39.49,0.47,-9.38,57.95,74.39,-0.4621806400934839,-44.1796875,0.5165224117466917
2020-07-25,32074506,1351596,XX,2.67,37.45,0.49,-16.34,58.53,74.39,1.4595935230040646,140.220703125,0.5170642713310596
2020-07-26,32498636,1360302,XX,3.49,39.59,0.52,-19.33,53.66,71.83,2.329289732455888,228.0537109375,0.5162313913732521
2020-07-27,32966928,1370858,XX,3.24,39.05,0.54,-12.41,51.7,72.92,10.400866598506177,1085.7060546875,0.515295033081925
2020-07-28,33495780,1384750,XX,2.81,40.12,0.36,-11.78,57.8,73.52,-0.7126663372121388,-78.0498046875,0.5150103110694064
2020-07-29,34036776,1398052,XX,2.99,39.02,1.01,-12.45,56.94,75.09,1.704870717725163,187.64453125,0.5147322045442307
2020-07-30,34600180,1411550,XX,2.8,38.67,1.23,-14.88,57.09,74.8,0.09676074745081875,10.74609375,0.514894571211761
2020-07-31,35175772,1424720,XX,2.47,38.55,1.08,-15.92,59.7,74.7,1.892242337372686,212.2529296875,0.5156723047229477
2020-08-01,35667834,1436724,XX,2.61,37.84,0.49,-11.39,58.0,75.81,3.7792033732146866,436.1259765625,0.5157029779005733
2020-08-02,36129212,1446042,XX,3.94,35.98,0.46,-8.54,54.63,73.24,-6.191185712282564,-705.978515625,0.5148687440491856
2020-08-03,36541656,1455626,XX,3.78,40.42,1.11,-16.58,53.35,72.0,1.7286053356239672,192.734375,0.5139165239048986
2020-08-04,37072546,1469970,XX,2.23,36.15,0.88,-16.85,55.74,73.06,-0.36037470015529804,-40.4560546875,0.5136923089365679
2020-08-05,37623922,1484742,XX,2.36,35.49,0.59,-14.99,55.97,74.59,4.716003790353572,541.1298828125,0.5135646265778135
2020-08-06,38197364,1498378,XX,2.41,36.69,0.41,-12.5,57.23,74.5,0.2784144331385825,32.7509765625,0.5138127410449994
2020-08-07,38762432,1511864,XX,3.05,36.78,0.97,-11.64,60.39,75.02,-1.5251902049187647,-178.30078125,0.5143533256140504
2020-08-08,39292470,1523886,XX,2.44,36.32,0.83,-8.6,57.86,74.19,1.3065469924046942,152.5732421875,0.5147959707762115
2020-08-09,39758300,1534224,XX,2.99,36.24,0.63,-3.57,56.58,72.45,-0.6684391826167339,-78.306640625,0.5140862036520977
2020-08-10,40226024,1544950,XX,3.69,37.05,0.8,-4.6,52.42,75.1,1.718420090459035,202.3720703125,0.5133243075891571
2020-08-11,40758128,1558216,XX,2.28,34.98,0.41,-4.03,55.76,73.07,-4.016111286278769,-467.5859375,0.5130024247283909
2020-08-12,41307996,1572108,XX,2.55,35.3,0.49,-4.62,54.7,73.99,1.5169300755772668,174.4091796875,0.5128315276503557
2020-08-13,41888562,1585692,XX,2.4,35.41,0.45,-10.69,54.08,73.87,1.7048853955416796,199.203125,0.5129637638582203
2020-08-14,42503096,1598852,XX,2.37,35.98,0.77,-9.28,55.87,73.82,-0.12963612281770312,-15.2666015625,0.5134986021040271
2020-08-15,42999874,1610886,XX,2.12,34.96,0.56,-12.28,55.03,74.13,0.8193734253123777,96.8271484375,0.513555630792947
2020-08-16,43419732,1620458,XX,2.72,35.55,0.45,-17.17,52.4,72.82,0.22817499658520377,27.10546875,0.5127999834413874
2020-08-17,43847248,1629692,XX,3.04,35.5,0.56,-12.7,50.45,73.69,2.9951760409884236,361.5986328125,0.5119509937139399
2020-08-18,44366524,1643796,XX,3.01,34.49,0.39,-12.14,53.29,72.65,-2.170941475499902,-263.1689453125,0.5116800016436138
2020-08-19,44921068,1657808,XX,2.95,34.74,0.55,-11.05,53.16,74.0,-1.961788699136637,-232.9501953125,0.5114402867015846
2020-08-20,45463998,1670704,XX,2.7,33.6,0.86,-5.33,53.53,73.65,1.0161327741758681,120.0888671875,0.5115207347042193
2020-08-21,45987800,1682188,XX,2.11,33.33,0.58,-4.62,55.14,73.47,-2.436186279312502,-285.8828125,0.5118535616652655
2020-08-22,46513362,1693808,XX,3.41,34.47,0.46,-2.05,53.53,74.17,0.7676821280393403,89.3359375,0.5121992445958754
2020-08-23,46918368,1702434,XX,4.17,34.87,0.69,2.81,48.6,72.22,-0.14543864269716936,-16.9775390625,0.511369581402931
2020-08-24,47375854,1712106,XX,3.79,34.27,0.7,0.95,49.24,74.2,0.9364458635234827,109.748046875,0.5106772989006739
2020-08-25,47867218,1725252,XX,2.33,34.44,0.61,2.14,53.55,73.98,-3.5306004408532354,-408.4609375,0.5104530010888356
2020-08-26,48429772,1738378,XX,2.48,34.14,0.52,1.34,53.98,74.95,1.06963347639654,122.228515625,0.5105726597594428
2020-08-27,49004622,1750822,XX,2.58,32.37,0.55,3.07,53.52,74.12,-1.4463477673961747,-164.9658203125,0.5106582851451562
2020-08-28,49572482,1762476,XX,2.24,31.45,0.39,1.83,54.4,74.53,1.916471859560327,219.1025390625,0.511208742189996
2020-08-29,50093086,1774116,XX,3.19,32.04,0.44,0.51,52.93,73.19,-0.309204124745403,-35.634765625,0.5114162725891577
2020-08-30,50531630,1782646,XX,3.36,30.93,0.51,1.81,46.89,69.7,1.7627931208674323,204.640625,0.5108597599639282
2020-08-31,51061596,1791496,XX,2.41,32.06,0.46,3.79,47.18,73.8,-0.26235581917250006,-30.685546875,0.5103752291344974
2020-09-01,51595450,1804690,XX,2.22,33.48,0.38,3.93,53.96,73.64,2.449528784504093,289.658203125,0.5102260749043841
2020-09-02,52158954,1817272,XX,2.16,32.81,0.44,5.58,51.87,74.49,-4.759982836281475,-556.4443359375,0.5101829334022737
2020-09-03,52730158,1829480,XX,2.39,33.05,0.51,5.1,52.38,74.74,-10.8024907829682,-1168.7373046875,0.5102525487103267
2020-09-04,53332726,1841222,XX,2.59,33.43,0.93,4.89,52.89,74.68,2.5680958905574514,266.5166015625,0.5107831835272141
2020-09-05,53879822,1851462,XX,3.12,32.78,0.56,6.48,52.24,73.18,-3.310004713411871,-342.24609375,0.5108290074888682
2020-09-06,54337100,1859706,XX,2.81,31.51,0.52,6.39,47.75,71.67,1.0834787536525494,110.7841796875,0.5102236881260857
2020-09-07,54773872,1878926,XX,2.06,30.25,0.47,1.58,45.53,72.03,0.8640468391535637,89.2119140625,0.5102835553569909
2020-09-08,55266102,1889200,XX,2.51,32.08,0.31,1.66,50.25,70.77,-2.322390559011147,-238.046875,0.5098853095219484
2020-09-09,55836682,1901716,XX,2.28,32.9,0.52,0.6,52.13,73.99,1.0879835709758443,110.8310546875,0.5097746488728885
2020-09-10,56445140,1913752,XX,2.86,31.94,0.72,0.7,53.03,74.1,1.1724294913524442,120.791015625,0.5099489822331553
2020-09-11,57076946,1925758,XX,3.09,31.95,0.71,0.62,52.74,74.15,0.36386352484214324,37.7763671875,0.5105101047299119
2020-09-12,57653816,1935870,XX,2.83,31.49,0.62,-0.79,50.76,73.27,0.3958714499077175,41.255859375,0.5101357772663587
2020-09-13,58150646,1943776,XX,2.75,31.85,0.5,-8.74,49.4,70.87,-1.1404867595945654,-118.4150390625,0.5099179211011917
2020-09-14,58685354,1952962,XX,3.02,31.98,0.6,2.4,46.44,72.89,3.4003650927763864,357.08203125,0.5095422349815465
2020-09-15,59247584,1966114,XX,2.25,31.23,0.5,2.17,52.33,73.06,1.081251074282432,116.11328125,0.5094297481031416
2020-09-16,59856676,1977870,XX,2.29,31.09,0.84,3.41,51.72,74.2,1.6347532426243052,177.9541015625,0.5092803738347758
2020-09-17,60487402,1989170,XX,2.57,31.66,0.9,4.27,52.48,75.02,-0.2364091830582051,-25.9150390625,0.5093910540210744
2020-09-18,61141260,2000886,XX,3.26,31.01,0.83,4.34,53.34,74.54,-0.04023369137903027,-4.404296875,0.5098868768283005
2020-09-19,61726536,2011522,XX,3.0,31.78,0.59,4.13,52.65,74.03,1.3590771382837723,149.7607421875,0.510006911398883
2020-09-20,62235754,2019456,XX,2.64,26.75,0.46,11.32,47.69,70.27,-1.41678855300922,-156.0751953125,0.5094952867356175
2020-09-21,62756322,2028276,XX,2.48,28.34,0.53,11.34,45.69,70.1,-4.449331082805089,-476.01171875,0.5090577331745625
2020-09-22,63325106,2040618,XX,2.37,30.44,0.53,11.64,51.74,72.33,0.7256944592073883,76.2001953125,0.5089215723018858
2020-09-23,63947770,2053710,XX,2.68,32.89,0.82,11.78,53.3,74.66,-2.812582881046784,-292.2734375,0.5088660696262921
2020-09-24,64590076,2065082,XX,2.33,31.08,0.75,10.75,53.37,72.52,4.893613643511954,513.8798828125,0.5089519827013507
2020-09-25,65250408,2077122,XX,2.11,31.2,0.62,11.19,53.21,74.08,-0.627888978372976,-67.349609375,0.5094308846146043
2020-09-26,65819846,2088006,XX,2.15,31.36,0.62,11.39,51.99,73.11,0.5410230472935921,58.0068359375,0.5095842995566244
2020-09-27,66313634,2095708,XX,4.1,29.95,0.48,12.57,47.36,71.96,0.22805831897412407,24.5458984375,0.5090928303583987
2020-09-28,66840354,2103870,XX,2.54,30.12,0.37,5.3,47.8,71.18,-0.6108227146350323,-65.6171875,0.5085453188429797
2020-09-29,67405202,2116082,XX,2.36,30.14,1.44,4.88,50.91,71.41,1.2525583307515769,134.98828125,0.5083812588399419
2020-09-30,68054978,2129006,XX,2.87,32.2,0.67,3.47,52.9,73.76,-0.5561903231038765,-60.1494140625,0.5083435050762461
2020-10-01,68693132,2146818,XX,2.66,31.27,0.73,3.49,53.02,73.89,-1.5421675401221662,-165.0390625,0.5088120920716723
2020-10-02,69352014,2158024,XX,2.55,32.07,0.63,2.81,52.59,74.66,-0.4102545378274992,-43.4775390625,0.5092614533983165
2020-10-03,69945286,2167488,XX,2.53,41.12,1.2,2.7,51.12,75.78,-0.25226166977002407,-26.6455078125,0.5093983365832855
2020-10-04,70463938,2175470,XX,3.13,41.73,1.38,-3.61,47.62,75.09,1.1334718114116693,120.25390625,0.5090060354657289
2020-10-05,71088516,2189604,XX,4.17,40.18,0.93,3.25,46.89,75.2,1.153227902473339,123.7568359375,0.5089583344258171
2020-10-06,71719964,2201322,XX,3.68,36.47,0.73,1.59,50.81,75.25,-1.7659664062251814,-188.93359375,0.5085229091818713
2020-10-07,72419892,2213132,XX,3.22,35.3,1.27,1.08,52.71,74.19,0.6069812450621233,64.5625,0.5085616813660898
2020-10-08,73139450,2225866,XX,2.97,34.21,0.8,-0.77,51.75,74.88,2.286138464731422,246.716796875,0.5089028452565801
2020-10-09,73859474,2238250,XX,2.73,36.06,0.99,-1.2,53.12,74.29,1.3537193923190285,148.7724609375,0.5094377750384063
2020-10-10,74567356,2248034,XX,3.0,34.75,0.94,-2.64,53.52,75.2,2.074267777372715,231.9033203125,0.5092627202987863
2020-10-11,75144678,2256292,XX,3.75,34.23,0.69,3.37,47.5,71.91,0.7744148940002065,87.8203125,0.5089126388755751
2020-10-12,75730966,2264424,XX,2.38,33.05,0.66,4.64,46.32,72.37,1.4924866101628098,171.181640625,0.5084511742864886
2020-10-13,76369710,2275262,XX,2.51,32.82,0.46,5.16,50.79,72.71,-1.1267025530866026,-129.4638671875,0.5081449761336168
2020-10-14,77133944,2287646,XX,2.52,34.54,0.57,4.83,52.43,74.21,0.0315673400463534,3.607421875,0.5081500647651762
2020-10-15,77949344,2300026,XX,1.97,34.18,0.72,5.54,52.68,74.79,0.5744241377636975,65.8427734375,0.5084015573886203
2020-10-16,78770470,2312456,XX,3.45,36.02,0.77,5.38,52.73,74.81,-1.518396829079633,-173.2265625,0.5089625417249883
2020-10-17,79509144,2323860,XX,3.5,35.58,0.56,5.99,53.14,74.08,0.3172679849898212,35.978515625,0.5093228757661863
2020-10-18,80167984,2331582,XX,3.1,34.27,0.83,4.72,47.4,72.59,1.0967693217915127,125.2578125,0.5091223915900402
2020-10-19,80922738,2341072,XX,2.81,33.98,0.98,1.76,48.16,73.41,2.227634146506345,258.677734375,0.5088783495290827
2020-10-20,81703908,2354368,XX,3.1,34.55,0.58,1.56,51.05,73.16,1.4734826605249336,174.2978515625,0.5087981023508577
2020-10-21,82590246,2368092,XX,1.98,33.51,0.36,1.5,52.19,74.76,7.338405430586939,907.3544921875,0.508889730505631
2020-10-22,83543304,2379962,XX,2.6,34.25,0.75,0.15,52.16,74.42,1.1027987566796662,142.2021484375,0.5091670959388943
2020-10-23,84534252,2394096,XX,2.68,33.67,0.75,1.48,53.46,75.13,-0.2652970455378322,-34.3525390625,0.5099346622938353
2020-10-24,85439734,2405844,XX,3.2,34.52,1.13,1.46,52.59,74.42,1.355828284978525,176.5234375,0.5101991504687391
2020-10-25,86155502,2414376,XX,3.0,34.05,0.9,0.9,48.79,73.85,-0.5883025247512491,-76.888671875,0.5097758458005567
2020-10-26,87127716,2425630,XX,3.37,36.27,0.56,2.31,46.66,74.17,0.33765071930938884,44.07421875,0.5096845342960882
2020-10-27,88065526,2440566,XX,2.34,33.0,0.49,1.89,52.2,73.1,4.332755896265355,578.970703125,0.5097309964662935
2020-10-28,89107408,2455004,XX,2.59,32.57,0.48,1.69,54.35,74.82,-2.8445849418455493,-382.93359375,0.5097243564169713
2020-10-29,90211450,2469432,XX,3.02,33.87,0.8,3.87,55.07,75.19,1.247510345864666,166.59765625,0.5100522042184883
2020-10-30,91356378,2484822,XX,3.44,33.18,0.81,2.83,55.53,75.78,0.8052075583308513,108.6396484375,0.5109194592688489
2020-10-31,92293012,2498022,XX,3.04,32.53,0.57,-0.43,53.24,75.34,1.7160608140630422,234.47265625,0.5108729109191161
2020-11-01,93165606,2508290,XX,3.93,35.07,0.76,-10.56,47.26,74.51,-0.3189593193523672,-43.8857421875,0.5104565201924947
2020-11-02,94282982,2520660,XX,4.26,34.82,1.62,-24.0,47.52,74.41,-1.367823012311885,-186.6201171875,0.5103542613315936
2020-11-03,95393696,2539644,XX,3.83,33.01,1.09,-23.84,51.82,73.99,2.9078415153374673,399.8115234375,0.5104844415829675
2020-11-04,96404856,2559974,XX,4.26,33.76,1.02,-23.93,52.89,74.32,1.3061444695718671,183.40625,0.5104461725165321
2020-11-05,97645638,2577406,XX,2.87,32.45,1.35,-22.74,52.84,72.56,9.741581080424416,1446.1416015625,0.5109554159108772
2020-11-06,98889826,2595654,XX,2.45,31.23,0.5,-22.72,54.64,73.37,-0.0896930308048076,-13.9677734375,0.5117304999582897
2020-11-07,100073354,2611046,XX,3.01,29.91,0.72,-18.83,53.77,74.42,-4.817614127429782,-732.126953125,0.511851450460171
2020-11-08,101048932,2623252,XX,4.16,30.32,0.51,-6.55,48.13,72.79,4.261566759184631,645.8134765625,0.5112455610749131
2020-11-09,102050358,2637666,XX,3.52,32.64,0.53,2.17,50.97,74.18,-0.9558200327301026,-147.251953125,0.5108486968919572
2020-11-10,103209726,2657812,XX,2.58,36.15,0.75,1.2,52.7,73.12,-0.2704687109614758,-41.4130859375,0.5107651591076527
2020-11-11,104463666,2678858,XX,2.01,33.12,0.4,0.61,54.54,74.94,2.6488015591815355,410.4375,0.5107960849861686
2020-11-12,105752412,2698436,XX,2.66,34.55,0.33,-0.48,53.54,74.63,3.596670089126322,575.00390625,0.5110127030788849
2020-11-13,107072588,2717972,XX,2.73,34.5,0.28,0.49,54.39,75.47,0.25443132057155654,41.46484375,0.5116691845341225
2020-11-14,108233016,2736102,XX,3.84,35.62,0.52,-1.25,53.68,75.22,-1.5418716403050705,-249.669921875,0.5119298567899531
2020-11-15,109185398,2749278,XX,3.44,37.06,0.64,1.98,48.4,74.79,-0.7029240926094911,-112.55078125,0.511262658247859
2020-11-16,110238028,2765158,XX,3.15,36.83,0.71,7.55,46.98,74.82,4.656389869041283,760.5234375,0.510686770324881
2020-11-17,111462948,2787344,XX,2.93,36.95,0.74,8.58,51.54,74.0,5.410247584413837,929.294921875,0.5106241840998802
2020-11-18,112718398,2810200,XX,2.57,35.13,0.8,9.45,52.91,74.62,0.8947999876361636,158.599609375,0.5105926124244506
2020-11-19,114028800,2832506,XX,2.46,36.95,0.55,7.87,53.61,74.32,0.07346200168832047,13.083984375,0.5108471070761551
2020-11-20,115375978,2856046,XX,3.31,38.04,0.8,6.71,54.88,75.83,4.4148762698192945,804.224609375,0.5116537588486524
2020-11-21,116547818,2874106,XX,3.88,38.23,0.82,6.33,54.07,74.69,0.11227042351799794,20.91796875,0.5117855555780753
2020-11-22,117522620,2888988,XX,5.03,37.34,0.73,2.83,49.76,72.8,-1.4710561659748134,-272.23046875,0.5110924379021775
2020-11-23,118587654,2906042,XX,2.77,39.29,0.44,4.33,46.96,74.64,-0.032018509970887475,-5.880859375,0.5105352565020748
2020-11-24,119775378,2931508,XX,2.13,36.79,0.3,3.39,52.45,73.1,3.968026776556164,743.34375,0.5104386179813485
2020-11-25,121037816,2955782,XX,3.3,35.98,0.61,2.35,53.67,75.11,-1.9839332374638075,-375.34375,0.5102774284158637
2020-11-26,122224394,2977866,XX,2.46,37.62,0.84,1.87,54.03,74.82,-8.820525362378572,-1581.498046875,0.5103761994869654
2020-11-27,123609008,3000778,XX,2.89,35.31,0.44,-6.19,51.87,73.51,-0.24647942560283284,-42.220703125,0.5110553291466542
2020-11-28,124809214,3019310,XX,2.94,36.3,0.83,-4.96,52.8,72.19,3.4978293300267826,609.01171875,0.5111693017626981
2020-11-29,125778950,3033900,XX,3.03,34.91,0.88,-3.97,47.52,72.5,2.5635704702410123,460.0703125,0.5104033372908161
2020-11-30,126789112,3051834,XX,3.92,32.56,0.54,-6.34,49.38,73.52,7.666315234015364,1448.3515625,0.5097988192989412
2020-12-01,128038800,3077352,XX,2.79,35.22,0.53,-6.3,53.17,74.35,-4.283053060242914,-822.837890625,0.5099157403159685
2020-12-02,129329372,3102638,XX,2.66,36.68,1.17,-4.86,52.82,74.96,2.0950814137308935,398.09375,0.5098261643499804
2020-12-03,130715202,3127838,XX,2.97,36.41,0.51,-1.55,52.53,74.79,1.264331604618068,244.306640625,0.5101920551957217
2020-12-04,132094542,3152758,XX,2.05,35.03,1.08,7.3,53.61,75.75,-3.9099467524232567,-745.6328125,0.5109257589617133
2020-12-05,133388726,3173434,XX,2.07,36.28,0.93,6.89,53.35,74.03,2.401261307587592,454.46484375,0.5112247690912423
2020-12-06,134463618,3188892,XX,3.16,33.88,0.79,5.75,49.34,74.23,0.9916644389898553,190.890625,0.5105688521058167
2020-12-07,135516284,3206316,XX,2.71,36.31,0.88,2.05,47.54,74.91,-0.7965956561317785,-153.490234375,0.5099484781415864
2020-12-08,136806994,3230946,XX,2.88,36.46,0.53,3.46,53.15,74.83,-4.641845955624486,-870.486328125,0.5097465536684364
2020-12-09,138151758,3256286,XX,3.56,35.57,0.35,3.44,52.63,74.78,1.2625041029578565,232.771484375,0.5096417775659389
2020-12-10,141163404,3281616,XX,2.91,34.83,0.43,3.46,51.7,75.04,-1.5694640220805651,-288.923828125,0.5112692391342162
2020-12-11,142574862,3307744,XX,1.87,33.67,0.8,1.91,52.89,73.75,-1.1347356530151447,-206.087890625,0.511893198293804
2020-12-12,143862172,3329262,XX,2.56,34.22,0.5,-1.09,50.72,74.88,4.041245632345914,744.751953125,0.5121712142932935
2020-12-13,144930334,3344916,XX,2.36,36.25,0.72,0.16,47.62,73.64,1.7853539827284988,338.7265625,0.5115411487855623
2020-12-14,146012504,3363260,XX,2.77,34.8,0.61,-7.08,48.51,74.65,0.5431863337978572,104.26171875,0.5109557515326543
2020-12-15,147345910,3390812,XX,2.62,35.9,0.89,-8.34,52.81,73.97,0.8816158477203611,170.431640625,0.5094485988693875
2020-12-16,148792248,3418568,XX,2.0,34.83,0.97,-9.69,51.51,74.48,9.30515975767781,1893.521484375,0.5094537146813418
2020-12-17,150276890,3445336,XX,2.74,35.2,0.73,-13.03,52.49,75.04,6.778242711074886,1494.564453125,0.5097355409195758
2020-12-18,151720218,3471212,XX,2.74,33.89,0.97,-22.36,53.79,73.9,1.4487680725324006,332.798828125,0.5103543718703036
2020-12-19,152973050,3493268,XX,2.89,36.15,1.0,-32.16,52.55,74.24,3.1140804146840155,731.87109375,0.5105604357582102
2020-12-20,154036398,3509400,XX,4.41,40.85,1.0,-46.05,48.59,74.36,-1.6581622945616774,-392.537109375,0.5098463693873754
2020-12-21,155133216,3528534,XX,4.81,41.97,1.47,-48.32,47.9,74.62,-2.9138076932326973,-674.212890625,0.5091731522996192
2020-12-22,156470278,3556940,XX,4.22,37.95,0.78,-51.06,54.64,74.73,4.207656794577848,979.947265625,0.5090321941743132
2020-12-23,157853852,3584548,XX,4.2,38.46,0.51,-62.92,53.79,75.74,-2.3039436663009636,-541.68359375,0.5089690108441188
2020-12-24,159232984,3608194,XX,3.86,37.29,0.63,-61.06,53.58,74.67,2.1057908650393338,494.603515625,0.5090585196037649
2020-12-25,160224634,3625662,XX,4.11,39.08,0.71,-50.62,52.21,75.23,3.838601817057906,928.841796875,0.5089964626862988
2020-12-26,161236364,3640796,XX,3.61,38.73,0.63,-39.56,50.21,72.86,6.9389186050181335,1772.24609375,0.5087374608164961
2020-12-27,162059566,3656298,XX,3.95,38.45,0.73,-25.56,51.39,74.75,-0.6250988870123867,-164.7421875,0.5078303842989509
2020-12-28,163062206,3675518,XX,3.38,36.3,0.58,-13.5,52.35,76.15,3.045804329424125,812.513671875,0.5071899587665867
2020-12-29,164416170,3705716,XX,2.5,36.8,1.69,-13.43,51.36,74.56,1.019817648627593,277.62890625,0.5073371500741757
2020-12-30,165886758,3736982,XX,3.48,38.21,0.49,-0.19,52.43,75.58,5.262518188935121,1478.515625,0.5081205285805577
2020-12-31,167548246,3763486,XX,3.12,40.37,0.52,-2.29,52.31,76.21,0.5558802229052879,160.767578125,0.5089419403564253
2021-01-01,168709904,3783008,XX,3.99,39.23,0.56,-1.69,54.68,77.04,1.2759952848226697,372.431640625,0.509284540311187
2021-01-02,169867982,3799858,XX,3.16,40.66,0.57,-1.33,51.92,74.79,8.959001114880643,2753.115234375,0.5092688320986676
2021-01-03,170908448,3815160,XX,1.96,37.59,0.38,-11.25,50.56,75.89,2.0175172403393153,654.755859375,0.5084783003564846
2021-01-04,172026080,3835274,XX,1.81,36.22,0.64,-25.58,49.69,74.75,-2.502246735581663,-810.109375,0.5077872258616414
2021-01-05,173522178,3866226,XX,2.47,34.73,0.75,-25.57,51.59,73.67,6.128001171320478,2020.515625,0.5077452554596966
2021-01-06,175115124,3896368,XX,2.25,35.46,0.61,-36.66,51.3,74.98,8.002182823088061,2831.93359375,0.5083477293071135
2021-01-07,176894650,3926668,XX,2.06,30.66,0.47,-33.31,50.03,73.42,6.687092425852742,2546.6796875,0.5091689792663301
2021-01-08,178542598,3957462,XX,2.45,25.5,0.5,-36.31,48.23,72.66,3.5592889879448695,1426.56640625,0.510038557271296
2021-01-09,180054560,3983154,XX,1.9,31.67,0.46,-42.7,49.22,73.93,-1.3400522620513369,-543.0625,0.5104293115021553
2021-01-10,181226344,4000816,XX,3.03,30.3,1.04,-45.86,48.19,71.47,-4.830048595686677,-1898.10546875,0.50970633559136
2021-01-11,182452564,4020980,XX,2.5,30.05,0.69,-43.18,47.74,72.88,-7.551390060372581,-2789.78515625,0.5090648827540758
2021-01-12,183865036,4055314,XX,2.31,30.86,0.84,-40.02,49.99,73.19,-4.731647785882869,-1643.6953125,0.5088596150416096
2021-01-13,185365020,4089060,XX,2.66,33.66,0.73,-29.74,49.24,72.8,9.53397207362559,3393.3984375,0.5087755798347913
2021-01-14,186879710,4120002,XX,2.0,31.26,0.82,-32.88,50.28,74.28,4.892161277885249,1870.96875,0.5088721762455544
2021-01-15,188421114,4150046,XX,2.01,31.66,0.36,-32.45,48.76,74.84,-6.216649897230796,-2361.9609375,0.5094430907077363
2021-01-16,189728906,4177484,XX,2.81,31.97,0.81,-27.53,49.8,74.06,-1.7731847143619857,-647.2265625,0.5096599878470748
2021-01-17,190779632,4195654,XX,2.86,32.22,1.31,-18.09,48.33,71.76,-1.0750872199338055,-386.86328125,0.508866331113575
2021-01-18,191816922,4215196,XX,2.83,31.73,1.79,-18.85,48.4,73.2,2.316538885922865,838.796875,0.5080737157453572
2021-01-19,193004982,4248408,XX,2.66,32.89,0.45,-21.15,48.33,71.45,-1.5413522880192658,-560.26953125,0.5078670407562405
2021-01-20,194404946,4284448,XX,2.06,32.05,0.7,-21.02,47.42,72.98,-1.4579216975338103,-522.0546875,0.5078913709766723
2021-01-21,195719272,4318758,XX,2.36,32.11,0.59,-18.63,48.16,73.53,-14.252813081835994,-4722.05078125,0.5080422806604349
2021-01-22,197044674,4350878,XX,1.88,31.14,0.58,-19.31,47.7,72.69,6.8333411475302155,2180.0625,0.5085791377784875
2021-01-23,198191470,4378720,XX,2.53,33.43,0.64,-18.82,48.45,73.33,-2.8834641394269322,-938.119140625,0.5088431307229712
2021-01-24,199111240,4397114,XX,2.64,30.65,0.59,-23.58,45.08,72.95,0.6890847351743181,221.736328125,0.5081932303112984
2021-01-25,200073310,4419166,XX,3.41,31.42,0.95,-9.99,46.9,72.39,0.23822686367903426,77.013671875,0.5074619165950632
2021-01-26,201202216,4453988,XX,2.26,33.3,0.92,-8.89,48.33,73.89,0.6266383460683916,203.45703125,0.5073071149122137
2021-01-27,202409824,4488698,XX,2.85,31.89,0.65,-8.38,49.56,73.95,-6.787434522440919,-2137.302734375,0.5072556093520006
2021-01-28,203634514,4522756,XX,2.64,32.38,0.82,-7.8,50.71,74.15,9.50202595471698,3033.55078125,0.5074317276961289
2021-01-29,204811122,4553532,XX,2.63,31.1,0.89,-5.29,51.31,74.27,2.5090070847817985,850.2890625,0.5078967351931785
2021-01-30,205852128,4580544,XX,2.6,31.65,0.39,-3.3,51.01,73.69,-0.13665573129015413,-46.86328125,0.5080419057565333
2021-01-31,206624590,4598086,XX,2.7,29.94,0.45,2.96,46.93,73.39,-3.4289423389572344,-1155.1640625,0.5073036397890913
2021-02-01,207511652,4618790,XX,3.45,33.38,0.4,-9.62,46.71,74.37,1.26875420679964,422.81640625,0.5066824842524816
2021-02-02,208445126,4649624,XX,2.69,31.26,0.6,-9.58,49.13,73.35,5.7167938879420435,1973.11328125,0.5063763776920134
2021-02-03,209501740,4681694,XX,2.09,31.09,0.57,-9.95,48.35,71.91,5.3773897801539,1961.80078125,0.5062997389668907
2021-02-04,210443420,4707694,XX,1.9,27.92,0.54,-10.61,47.49,73.53,-1.467867670382311,-546.0234375,0.5061795701154185
2021-02-05,211513224,4741970,XX,2.05,27.41,0.59,-9.92,48.43,73.49,3.245885330843299,1218.2421875,0.5067741222052654
2021-02-06,212381128,4764770,XX,1.94,29.24,0.68,-10.22,47.01,71.55,2.898274128113115,1121.703125,0.5067884866095391
2021-02-07,213080882,4779366,XX,2.02,26.14,0.56,-9.58,44.89,72.52,-0.9276588183404773,-362.5703125,0.5061893651458867
2021-02-08,213759808,4798174,XX,3.3,27.42,0.36,1.81,46.63,71.62,17.18205618881233,7293.0234375,0.5055868062943394
2021-02-09,214578452,4829036,XX,2.34,29.22,0.47,2.26,47.21,72.32,0.61426193854515,284.640625,0.5056131587082902
2021-02-10,215461234,4857106,XX,1.89,27.71,0.56,0.55,50.38,72.91,-3.4203203429628117,-1562.921875,0.5053102414902424
2021-02-11,216350412,4884664,XX,1.86,25.64,0.44,0.79,49.11,73.04,6.446761605839371,2991.1484375,0.505420795332106
2021-02-12,217210580,4910720,XX,1.94,26.71,0.67,0.38,49.75,72.19,-0.8478464657924508,-404.48046875,0.5057882368898996
2021-02-13,217968360,4931558,XX,1.92,27.1,0.57,-1.92,47.75,71.97,-0.8441745251820123,-399.3359375,0.5058642650913887
2021-02-14,218583422,4944856,XX,3.52,24.75,0.39,-13.4,43.77,70.32,3.3643879906238476,1611.7734375,0.5052739583451404
2021-02-15,219145076,4959814,XX,2.56,28.04,0.24,-20.44,43.53,71.15,-1.5978235928812496,-772.23046875,0.5047346545559475
2021-02-16,219868004,4982518,XX,1.67,27.84,1.42,-19.53,45.38,69.97,2.5835260740748702,1254.8125,0.5044952372791282
2021-02-17,220645076,5006444,XX,2.03,27.48,0.43,-17.57,46.12,71.96,5.821415216952158,2949.13671875,0.5043740640759384
2021-02-18,221466946,5030282,XX,2.01,29.27,0.41,-17.65,48.35,71.53,-0.9038226589304248,-469.2109375,0.5044679417560882
2021-02-19,222286764,5053666,XX,1.97,27.23,0.54,-18.08,49.88,71.72,7.828513543693166,4208.3359375,0.5048206705064588
2021-02-20,223034094,5071168,XX,1.85,26.73,0.55,-17.35,47.68,71.8,0.37751835203801026,211.38671875,0.5049740312279748
2021-02-21,223669450,5084204,XX,1.95,23.92,0.62,-7.51,43.89,67.69,2.535215971053203,1440.42578125,0.5046679867041628
2021-02-22,224259834,5098952,XX,1.9,25.56,0.41,-2.3,43.51,70.65,-5.966344725525414,-3332.625,0.5043197762481872
2021-02-23,225050174,5122322,XX,1.82,28.42,0.47,-2.89,46.84,71.71,-10.458524450100901,-5382.89453125,0.5042726233722729
2021-02-24,225945824,5147386,XX,1.3,25.51,0.37,-3.06,48.33,71.99,1.7881495738120443,880.90625,0.504337648561104
2021-02-25,226851326,5168700,XX,1.42,25.76,0.27,-2.55,48.73,72.87,-5.3969759252051706,-2611.48046875,0.5045024075940422
2021-02-26,227734374,5190286,XX,1.36,25.28,0.31,-1.68,51.39,72.57,-1.6142075456887308,-754.08984375,0.5048324667128381
2021-02-27,228525954,5207274,XX,2.2,25.8,0.28,-0.38,49.52,72.22,-0.3270542479989021,-151.30859375,0.5049830711793559
2021-02-28,229140022,5219802,XX,2.1,25.65,0.61,-10.49,44.11,70.83,-2.301047656676125,-1050.68359375,0.504607558348185
2021-03-01,229751036,5235204,XX,2.05,27.28,0.66,-8.76,44.66,72.63,9.490116032713884,4493.47265625,0.5042021280239182
2021-03-02,230383272,5256056,XX,1.62,28.34,0.6,-8.14,47.24,71.75,-2.5554925208490773,-1252.25390625,0.5040260625580811
2021-03-03,231271290,5279574,XX,2.04,26.8,0.66,-8.22,48.27,72.3,4.366472769390149,2159.25390625,0.5040584257530731
2021-03-04,232187868,5300386,XX,2.01,27.59,0.43,-9.82,47.4,72.92,-3.99061221991278,-1977.07421875,0.5042024233567243
2021-03-05,233085934,5321416,XX,1.58,25.49,0.4,-10.59,48.02,72.39,0.7511420176535919,366.13671875,0.5045441107228916
2021-03-06,233912410,5337608,XX,2.07,29.1,0.34,-10.01,47.88,71.78,-0.03050270395783075,-14.921875,0.5046651464135079
2021-03-07,234657030,5349398,XX,3.44,27.23,0.36,1.65,43.59,70.83,4.58396233606819,2294.30859375,0.5044978503585618
2021-03-08,235266006,5363906,XX,2.11,27.97,1.41,3.21,43.38,72.4,2.010313651550215,1039.83203125,0.5041214569519588
2021-03-09,236099624,5385134,XX,1.83,27.61,0.93,3.34,46.84,71.11,4.815684025323532,2577.59375,0.5040711070804871
2021-03-10,237041442,5405602,XX,1.66,25.22,0.34,3.68,47.39,71.25,2.137417979802778,1184.43359375,0.5040654320161776
2021-03-11,238002894,5425998,XX,2.2,26.65,0.56,4.94,48.8,72.64,3.1573000390297756,1796.5703125,0.5042199417431026
2021-03-12,238982356,5445768,XX,2.42,28.59,0.41,5.22,49.53,72.3,-0.8216872853115568,-473.03125,0.504514812954178
2021-03-13,239890568,5462546,XX,2.58,28.45,0.57,3.14,47.91,71.62,6.599046126171279,3910.99609375,0.504710932474812
2021-03-14,240617324,5474262,XX,2.27,27.58,0.49,-6.04,43.5,70.26,-3.220259265928875,-1940.76953125,0.5044210368219251
2021-03-15,241322852,5489614,XX,2.54,30.5,0.48,-18.96,44.17,71.18,-5.895520841682183,-3395.1171875,0.5041652527167833
2021-03-16,242264506,5510908,XX,2.42,28.26,0.87,-19.5,46.43,70.64,1.5929471547609109,897.703125,0.5041592591832176
2021-03-17,243364630,5532106,XX,1.86,27.06,0.37,-20.07,47.14,70.47,3.5724187080357788,2065.9921875,0.5042375107495926
2021-03-18,244460944,5553578,XX,2.62,27.07,0.74,-20.19,46.59,71.44,-1.7339151916613387,-1011.97265625,0.5044248990190671
2021-03-19,245584740,5575238,XX,2.4,27.71,0.51,-31.23,48.31,71.73,0.8394319050580128,487.73046875,0.5048388214520096
2021-03-20,246578542,5592610,XX,2.24,26.78,0.41,-34.1,47.02,70.79,-0.05658791253751102,-33.0078125,0.5050164588923806
2021-03-21,247450362,5609478,XX,2.71,26.44,0.29,-29.53,42.08,68.49,-1.3643904139846408,-790.22265625,0.5048633606537669
2021-03-22,248291036,5625658,XX,2.96,26.43,0.41,-29.51,43.6,70.03,-5.3456881044433056,-2994.27734375,0.504601127150847
2021-03-23,249332190,5648656,XX,2.13,25.82,0.37,-29.9,46.53,69.95,0.38401154329438564,209.80078125,0.5045880917720263
2021-03-24,250607510,5670054,XX,2.15,25.53,0.44,-41.52,47.19,71.05,-3.6551757777657645,-1964.6796875,0.5046385615768337
2021-03-25,251909478,5693136,XX,2.46,25.76,0.48,-41.42,48.91,70.83,-2.048543291555645,-1070.10546875,0.5049003882309347
2021-03-26,253189064,5718664,XX,2.12,27.28,0.65,-30.42,49.83,70.46,6.428841931989358,3433.15234375,0.5052753046643331
2021-03-27,254353660,5738982,XX,1.87,25.48,0.41,-25.43,47.41,69.44,1.5051908974823298,836.19921875,0.5055082703917504
2021-03-28,255306668,5753434,XX,2.88,26.37,0.42,-27.32,45.19,67.65,-0.04068041327035923,-22.765625,0.505257120989446
2021-03-29,256225046,5770920,XX,2.24,24.67,0.5,-22.34,44.26,68.6,3.165502939331705,1799.453125,0.50497495515394
2021-03-30,257376448,5794918,XX,2.7,28.28,0.37,-24.51,45.82,70.43,2.001460991998417,1167.4921875,0.5048985977755376
2021-03-31,258742152,5820680,XX,1.97,26.27,0.42,-12.76,50.22,70.94,0.0019359447593354478,1.140625,0.5049220107001051
2021-04-01,260158998,5845354,XX,1.81,26.09,0.35,-12.23,48.38,71.35,0.2999232878687993,176.9765625,0.5051163943982905
2021-04-02,261436770,5866420,XX,2.05,26.72,0.27,-12.41,45.9,70.06,0.4870090844088338,288.50390625,0.5053966202313633
2021-04-03,262489776,5884984,XX,1.81,29.06,0.27,-11.24,46.06,69.61,-3.0439981167968613,-1780.421875,0.5054658372285299
2021-04-04,263604614,5899712,XX,2.37,27.39,0.39,-12.76,42.68,69.29,1.9846643132378483,1154.6640625,0.5052288882119488
2021-04-05,264589506,5916306,XX,1.93,27.15,0.27,-17.28,43.17,69.72,0.5081207326213134,299.32421875,0.5048301826263693
2021-04-06,265804230,5941238,XX,2.27,26.77,0.52,-27.62,45.96,68.11,-1.476389754962159,-865.51953125,0.5047170342132339
2021-04-07,267174162,5972440,XX,1.99,27.85,0.63,-28.81,46.28,70.24,-3.7528870853164245,-2143.421875,0.5049522420943791
2021-04-08,268859234,6001084,XX,2.17,26.49,0.42,-31.27,45.46,70.95,3.978767570422682,2275.015625,0.5054387680153625
2021-04-09,270350942,6029732,XX,2.42,25.57,0.7,-32.29,45.45,69.99,-0.1354549836114697,-78.94921875,0.505883426892244
2021-04-10,271683286,6055466,XX,2.49,25.6,0.5,-34.45,46.19,69.62,2.6234198096664976,1548.23046875,0.5062129855412068
2021-04-11,273069954,6073630,XX,2.64,24.16,0.97,-27.75,43.95,69.18,0.6862304387402612,411.73046875,0.5061255422082132
2021-04-12,274293472,6093800,XX,2.22,25.05,0.43,-14.92,43.84,69.78,-0.5187618998143357,-311.51171875,0.5058014967416871
2021-04-13,275859442,6121538,XX,1.72,24.56,0.3,-3.0,44.83,68.51,5.852714345026763,3610.00390625,0.5056968378007723
2021-04-14,277503496,6149636,XX,1.92,26.62,0.23,-1.0,46.23,70.27,-0.6219938149170958,-393.76171875,0.5057251048805907
2021-04-15,279135732,6176848,XX,2.04,24.62,0.19,-1.7,43.97,69.91,0.3232251116976691,204.31640625,0.5058632038763148
2021-04-16,280852172,6203578,XX,1.76,23.82,0.47,-0.27,47.3,69.79,-2.7886621874568536,-1741.22265625,0.5061584477429244
2021-04-17,282432654,6228514,XX,2.19,23.32,0.4,1.53,45.63,68.21,-1.4542926101405163,-888.96875,0.5063880619937723
2021-04-18,283796382,6246762,XX,2.55,25.31,0.22,2.95,40.46,68.26,-7.6472431098119324,-4467.63671875,0.5060766040000579
2021-04-19,285175816,6269380,XX,1.82,25.52,0.22,0.24,42.54,68.63,-0.8788979117796623,-491.91796875,0.505819330277413
2021-04-20,286898918,6298086,XX,1.89,23.63,0.3,0.82,45.22,68.41,1.3347500558966063,748.765625,0.5058583912684282
2021-04-21,288676282,6327410,XX,1.69,22.67,0.28,-0.21,43.92,69.07,-4.651974554182734,-2566.94140625,0.5059049839316123
2021-04-22,290480454,6355172,XX,1.38,22.94,0.28,2.05,46.95,69.04,-4.0581883746807135,-2143.81640625,0.5060281026686959
2021-04-23,292284988,6385758,XX,1.54,22.53,0.33,1.66,46.36,68.59,-1.3001302685204312,-668.62109375,0.5064345279706486
2021-04-24,293916362,6411680,XX,1.73,25.37,0.31,-2.35,44.65,68.48,-2.0620437180110716,-1042.78515625,0.5065787477132319
2021-04-25,295366900,6433062,XX,1.39,23.98,0.25,-13.28,41.29,68.54,-2.113272327896639,-1046.61328125,0.5062862959759284
2021-04-26,296730360,6456800,XX,2.01,27.5,0.38,-15.0,43.72,68.28,9.747970680195452,5017.5,0.5059697925753952
2021-04-27,298439284,6486772,XX,1.64,24.76,0.42,-15.32,45.08,67.86,1.8548319148653771,1011.36328125,0.505940489014341
2021-04-28,300248596,6518636,XX,1.87,25.97,0.43,-15.16,46.56,70.62,-0.3794255373736428,-208.4140625,0.5059342598896222
2021-04-29,302037520,6550128,XX,1.12,23.08,0.41,-14.87,46.82,69.22,-2.3429673825133244,-1269.59375,0.5060770961094558
2021-04-30,303801050,6578808,XX,1.62,23.54,0.27,-14.75,48.02,70.4,7.541518772096198,4195.06640625,0.5063193601393563
2021-05-01,305390334,6604620,XX,2.59,24.93,0.35,-12.64,44.88,69.59,0.1347572360312362,77.875,0.5064249386748867
2021-05-02,306749654,6625176,XX,2.11,25.58,0.63,-3.82,42.7,67.56,-2.0916047590224385,-1196.97265625,0.5060718559752309
2021-05-03,308120484,6648934,XX,1.4,22.11,0.5,-1.79,43.37,65.91,1.0001102205402288,569.21484375,0.5057086753154991
2021-05-04,309724876,6677108,XX,1.45,24.93,0.51,-1.57,44.88,69.05,-6.999363622377694,-3866.75390625,0.5055414517572347
2021-05-05,311418508,6706798,XX,2.22,24.51,0.62,-1.14,46.86,68.9,7.389708647447689,4090.46875,0.5055038561698457
2021-05-06,313155612,6736078,XX,1.95,23.95,0.4,-0.58,47.45,68.23,-1.8055093557641697,-1027.4921875,0.5056019978939982
2021-05-07,314818812,6765018,XX,1.49,23.84,0.26,-0.43,49.09,68.7,1.6877096781434924,959.88671875,0.5058563855458489
2021-05-08,316391682,6791410,XX,1.44,25.69,0.27,-0.02,45.95,68.61,2.4921619702789646,1447.375,0.5059612189819673
2021-05-09,317664958,6812106,XX,1.59,22.9,0.32,2.42,40.85,67.39,-0.9765628034028507,-571.4609375,0.5056658966917285
2021-05-10,318915404,6834684,XX,1.48,23.79,0.82,3.82,43.21,66.21,-4.159554115971453,-2372.51953125,0.5053343872851783
2021-05-11,320394878,6863022,XX,1.32,24.34,0.43,4.18,44.66,68.08,1.5009957344289306,844.77734375,0.5051903093699728
2021-05-12,321914074,6890932,XX,2.04,24.38,0.57,3.34,44.49,69.23,-14.2967146773037,-7554.0390625,0.5050909203172267
2021-05-13,323377124,6918104,XX,1.98,23.97,0.28,-8.38,46.95,68.73,1.1442928110092723,565.65625,0.5050400042425919
2021-05-14,324795034,6944094,XX,2.17,24.47,0.46,-8.14,44.96,69.08,0.3300186759766157,164.34375,0.5051732216279742
2021-05-15,326057644,6968418,XX,2.71,24.81,1.18,-7.61,43.74,68.21,-6.459870319528386,-3120.34765625,0.5051905986880416
2021-05-16,327147924,6988946,XX,2.7,22.69,0.62,-17.8,39.68,67.03,-0.6525257090234029,-304.12890625,0.5048798547811497
2021-05-17,328233826,7011882,XX,2.75,23.49,0.42,-28.34,40.62,65.26,-6.48839844864655,-2918.546875,0.5046050403085847
2021-05-18,329480042,7040170,XX,1.76,24.58,0.26,-28.66,43.5,68.04,-1.4531934084628222,-628.109375,0.5045232695373398
2021-05-19,330827382,7067046,XX,2.39,22.96,0.26,-28.13,43.32,67.49,-14.810707635188663,-5906.9609375,0.5044940628626304
2021-05-20,331388462,7093386,XX,1.91,22.54,0.49,-17.48,44.31,66.38,9.72750161239599,3780.296875,0.5042488564488974
2021-05-21,332640024,7119210,XX,1.58,23.36,0.44,-17.51,44.36,67.77,-8.913981683679193,-3478.046875,0.504389319690321
2021-05-22,333784028,7141902,XX,2.09,25.96,0.29,-17.15,44.94,66.78,0.6198237437243979,231.94140625,0.5043925002049809
2021-05-23,334742890,7161476,XX,2.54,22.88,0.41,-9.67,39.7,64.99,-7.6545645798332975,-2766.05078125,0.5041162504161396
2021-05-24,335643432,7179694,XX,3.13,22.36,0.33,-2.08,41.19,66.11,10.722243682664232,3935.3984375,0.5037832823990585
2021-05-25,336713422,7206098,XX,1.88,23.05,0.51,-2.79,43.12,65.46,-0.7878782581024248,-303.7578125,0.5039631309587926
2021-05-26,337854320,7231706,XX,1.8,22.79,0.51,-2.12,43.41,66.75,2.2961565812768545,891.9765625,0.5039039338859074
2021-05-27,338949888,7257400,XX,1.52,22.36,0.57,-2.0,43.51,67.6,-2.205718107153495,-857.23046875,0.5039249971237569
2021-05-28,339958656,7281352,XX,1.7,22.92,0.73,-2.88,44.09,66.72,-7.393611150144238,-2739.36328125,0.5040076288334201
2021-05-29,340917978,7302758,XX,1.27,22.33,0.7,-3.67,42.32,65.5,-3.0765691542153006,-1081.5390625,0.5040733910895864
2021-05-30,341696536,7319446,XX,2.23,23.44,0.35,-2.83,39.31,66.84,3.0219944078986263,1062.0625,0.5037871602262185
2021-05-31,342470618,7337052,XX,2.05,23.38,0.5,-8.9,39.41,63.98,4.533591723246496,1654.7265625,0.5035040959528618
2021-06-01,343392886,7367530,XX,1.71,23.91,0.36,-15.21,41.23,64.27,-1.750785357311659,-647.9296875,0.5035104199114719
2021-06-02,344368560,7391296,XX,1.48,22.74,0.22,-15.97,42.67,66.25,2.397778870231388,890.25390625,0.5034843178166708
2021-06-03,345328202,7411466,XX,1.46,21.69,0.39,-15.25,42.66,66.62,4.255661695137001,1633.5859375,0.5034536362524604
2021-06-04,346178348,7432828,XX,1.46,22.11,0.31,-14.8,44.07,66.05,-6.084038726712561,-2314.359375,0.5035502942103134
2021-06-05,346972106,7451528,XX,1.35,23.26,0.21,-12.72,43.28,65.38,-3.706474257477647,-1342.44921875,0.5035675016936296
2021-06-06,347617592,7465978,XX,1.6,20.57,0.49,-10.81,38.8,64.72,0.8693599850188835,310.421875,0.5031876686385579
2021-06-07,348261534,7482334,XX,1.65,20.61,0.45,-2.37,39.2,61.75,-6.6332855635343035,-2301.671875,0.5029353331563837
2021-06-08,349005206,7503568,XX,1.39,20.84,0.38,5.39,41.28,64.88,-0.26277750634577707,-88.07421875,0.5028677110358717
2021-06-09,349842296,7523840,XX,1.61,20.29,0.43,5.59,41.18,63.69,10.947410238213756,3872.48828125,0.5028372955273468
2021-06-10,350748394,7555804,XX,1.96,22.26,0.23,4.89,40.74,65.57,-1.7354742993128305,-642.5234375,0.5030901647422535
2021-06-11,351592970,7579336,XX,1.38,22.55,0.54,5.19,40.51,65.88,1.7067578415986144,631.80078125,0.5033049905863365
2021-06-12,352329326,7598726,XX,1.61,23.39,0.48,-8.26,42.55,64.43,-4.890419504040555,-1781.8828125,0.5033809975911463
2021-06-13,352934318,7617238,XX,1.53,22.8,0.49,-9.14,39.87,62.35,9.505680129465752,3545.34375,0.5032787410666711
2021-06-14,353553794,7633368,XX,3.23,25.27,0.25,-9.24,38.67,62.77,2.825878796632069,1120.6171875,0.5031256683753675
2021-06-15,354304628,7654950,XX,1.08,21.05,0.46,-9.81,41.11,65.6,0.4658453327527578,187.79296875,0.5028905189414337
2021-06-16,355082462,7675008,XX,1.65,21.74,0.39,-10.71,41.61,65.83,-5.230703159614401,-2059.20703125,0.5028024215913127
2021-06-17,355874172,7693616,XX,1.22,20.6,0.22,-10.8,41.34,65.49,-0.7684760787668956,-293.55859375,0.5028026181270654
2021-06-18,356680720,7712028,XX,1.46,20.58,0.2,-9.87,39.33,65.21,-6.140159139173661,-2266.2578125,0.5028657704650044
2021-06-19,357377364,7728188,XX,1.72,22.41,0.26,2.07,40.09,63.72,-0.48002198172942856,-171.375,0.5028877020299956
2021-06-20,357983596,7741646,XX,1.76,21.22,0.22,2.79,37.29,63.33,0.23116253137915738,82.42578125,0.5026989635193884
2021-06-21,358577022,7755748,XX,1.85,17.81,0.34,0.91,38.49,60.33,-11.9521795848678,-4021.603515625,0.5025322710761178
2021-06-22,359398060,7773592,XX,1.21,20.73,0.34,0.66,40.12,64.72,2.583304760939311,828.966796875,0.5025243299979916
2021-06-23,360192390,7792382,XX,1.52,20.3,0.35,1.63,40.4,64.79,3.676667515561315,1217.3671875,0.5025203120108724
2021-06-24,361010032,7809632,XX,1.6,19.71,0.3,1.85,41.85,65.28,2.7475699857643345,939.41015625,0.5025745899516462
2021-06-25,361845944,7828106,XX,1.25,19.33,0.24,0.86,41.78,64.37,-9.130465397426267,-3024.658203125,0.5027296793750915
2021-06-26,362572094,7843034,XX,1.34,20.58,0.54,-1.29,40.41,62.88,1.7188238400922922,548.498046875,0.5027838907037305
2021-06-27,363193744,7855188,XX,1.8,21.16,0.33,-9.27,38.96,64.42,7.374727447930949,2463.3671875,0.502618438844966
2021-06-28,363860154,7868380,XX,1.58,20.21,0.27,-5.94,39.66,59.79,-0.6233262455755746,-215.30859375,0.5024795924719867
2021-06-29,364623262,7884660,XX,1.35,20.85,0.42,-7.26,40.3,63.03,4.078512112413988,1433.44140625,0.5024400018801761
2021-06-30,365422110,7903070,XX,1.26,20.36,0.35,-6.59,40.41,63.93,-2.332520296585249,-826.94140625,0.5024206435693712
2021-07-01,366293190,7920176,XX,1.38,19.7,0.22,-6.59,41.7,64.3,-4.281824560087459,-1468.71875,0.5024997819285021
2021-07-02,367178014,7936762,XX,1.44,20.68,0.38,-5.46,41.07,63.89,0.963202091343982,324.9296875,0.502655167312381
2021-07-03,367926634,7950582,XX,1.33,20.01,0.53,-1.3,40.68,62.9,2.2504948021345133,771.5,0.5026883352480087
2021-07-04,368582742,7963802,XX,1.29,18.75,0.69,5.7,37.26,60.21,1.7703918010918158,619.234375,0.502598474808724
2021-07-05,369336448,7978578,XX,2.48,21.26,0.39,3.8,37.32,60.36,-4.467475626166748,-1541.77734375,0.5025204495923918
2021-07-06,370238152,7995596,XX,1.51,21.65,0.38,4.36,36.8,60.8,1.4392210079461631,489.19140625,0.5025237079074574
2021-07-07,371168172,8012640,XX,1.22,18.36,0.21,4.41,40.21,62.27,-1.1157826650301255,-379.8671875,0.5025404007179767
2021-07-08,372131660,8030490,XX,1.0,18.88,0.32,4.42,40.31,63.87,-2.9311778537964175,-977.95703125,0.502670546289508
2021-07-09,373159250,8047202,XX,1.81,20.55,0.3,-6.71,40.55,64.81,2.761736344787324,920.640625,0.5028447158794094
2021-07-10,374003066,8060348,XX,1.45,20.31,0.45,-10.0,39.77,63.95,-0.82442012335933,-277.4921875,0.5028440327248496
2021-07-11,374743810,8075566,XX,1.61,19.18,0.55,-20.94,36.29,61.41,2.1242252673874873,719.66796875,0.5027560007921003
2021-07-12,375608674,8091744,XX,2.02,20.16,0.27,-33.18,37.51,61.12,-3.2180926347831007,-1084.33984375,0.502714544467
2021-07-13,376661360,8108514,XX,1.48,22.23,0.3,-34.79,38.87,63.21,-1.3782086425800635,-453.822265625,0.502720958579034
2021-07-14,377737394,8125734,XX,1.27,21.49,0.67,-35.07,39.88,64.74,0.36725998364308426,120.322265625,0.5027381673615885
2021-07-15,378889898,8142918,XX,1.35,21.15,0.5,-37.36,39.75,64.78,-3.2249468356842406,-1041.6171875,0.5028966563976649
2021-07-16,380082106,8160414,XX,1.56,21.2,0.87,-27.18,39.67,64.52,-1.136653085848622,-359.19140625,0.5030745363889829
2021-07-17,381062554,8175408,XX,2.07,22.36,1.09,-26.17,40.8,64.92,0.3543169217346287,111.529296875,0.5030877131783587
2021-07-18,381904510,8188482,XX,2.24,22.7,1.0,-15.67,38.64,62.84,0.8329203113175575,263.7421875,0.5029547102647358
2021-07-19,382877880,8202828,XX,2.04,23.77,1.3,-2.08,38.64,61.89,-3.1272502988710884,-978.978515625,0.5028699365181055
2021-07-20,383943896,8244248,XX,1.97,23.7,1.06,-12.29,40.01,64.94,-3.3338555734212405,-1010.484375,0.5032021978231986
2021-07-21,385054280,8261616,XX,2.16,21.91,1.06,-13.79,40.04,66.49,7.443417235693212,2303.345703125,0.503165247704844
2021-07-22,386185044,8279152,XX,1.74,23.05,1.26,-11.43,40.12,65.5,0.6283788882169604,202.412109375,0.5032453320276005
2021-07-23,387641032,8295742,XX,1.84,23.87,1.39,-11.36,42.56,64.63,3.8503942271904577,1268.4453125,0.5034903138974922
2021-07-24,388506500,8313108,XX,3.02,25.12,0.85,-11.49,41.01,65.36,2.0948244356669856,710.89453125,0.5034934911677809
2021-07-25,389398520,8327770,XX,2.07,25.38,0.56,-23.78,36.53,64.47,3.0378619797658737,1057.7421875,0.5030233129219219
2021-07-26,390475714,8344674,XX,2.51,25.35,2.24,-27.27,38.84,64.0,5.469542869161192,1987.34765625,0.5029980542187069
2021-07-27,391690024,8364318,XX,1.82,23.58,0.57,-15.41,40.71,64.56,5.39428534880362,2069.40625,0.5030485070365587
2021-07-28,392990642,8384820,XX,1.56,21.81,0.66,-14.18,42.22,65.74,1.483512651645551,588.96484375,0.5030482880855964
2021-07-29,394275970,8405134,XX,1.3,23.88,0.67,-13.91,43.07,66.6,0.03128737005963115,12.515625,0.5032187475286674
2021-07-30,395741404,8424258,XX,2.12,23.24,0.32,-13.91,44.12,66.6,5.41722306526184,2227.125,0.5034596118139567
2021-07-31,396778104,8441888,XX,1.73,23.71,0.88,-14.02,41.69,65.98,-1.4532545375150554,-609.3515625,0.5034491793554419
2021-08-01,397745322,8456622,XX,2.59,23.61,1.51,-12.02,37.31,65.77,-4.047804375571393,-1651.30078125,0.5032894656567153
2021-08-02,398881326,8472744,XX,1.22,24.96,0.68,-21.47,39.12,63.64,-1.952524946480863,-772.94921875,0.503163658770067
2021-08-03,400151938,8493562,XX,2.2,23.7,0.72,-20.75,40.6,65.05,-2.71224912051319,-1048.96484375,0.5031573267786266
2021-08-04,401512726,8514560,XX,1.82,23.11,0.51,-21.34,44.14,67.37,4.094316463847638,1594.5234375,0.5031425169358639
2021-08-05,402883158,8536468,XX,1.58,23.66,0.49,-21.88,44.22,67.61,2.7838357371246687,1122.05078125,0.5033012929841674
2021-08-06,404522356,8557362,XX,1.67,23.78,0.3,-21.61,46.9,67.25,4.653814062641624,1946.9453125,0.5035920898669274
2021-08-07,405648628,8574656,XX,1.62,23.25,0.84,-20.43,43.23,66.1,3.981881145877593,1739.30078125,0.5035974132258765
2021-08-08,406586630,8589530,XX,1.17,24.56,0.61,-8.67,40.32,65.44,-1.7151523902089738,-757.68359375,0.503398474586532
2021-08-09,407816660,8607076,XX,2.04,25.93,1.05,4.11,41.96,65.93,5.696271209006833,2567.28515625,0.5032981347246406
2021-08-10,409109958,8630252,XX,1.53,23.32,0.32,3.93,42.86,65.96,-1.6974141392608217,-780.37109375,0.5032829166443062
2021-08-11,410572170,8651290,XX,1.81,24.05,0.99,2.73,42.53,65.96,0.01887605723412682,8.60546875,0.5032201021127158
2021-08-12,411983720,8672298,XX,2.31,23.62,1.06,3.16,43.25,65.5,-2.58917535442005,-1165.34765625,0.5033523747830178
2021-08-13,413587562,8693198,XX,1.63,23.15,0.45,2.08,43.39,67.73,7.3009479718917465,3365.03125,0.5036335668167122
2021-08-14,414700446,8710630,XX,1.56,23.71,0.5,-0.59,41.22,66.4,-1.46777437579731,-696.375,0.5035872077442514
2021-08-15,415638864,8725456,XX,2.7,20.03,0.8,-11.74,37.34,66.06,-0.10609584864258956,-49.94140625,0.5033504232992421
2021-08-16,416951240,8745020,XX,2.78,20.26,0.73,-19.69,39.32,63.51,-2.240830692116523,-1042.51953125,0.5032741380162117
2021-08-17,418318486,8766548,XX,2.22,20.73,0.74,-26.89,41.11,64.12,-2.886919903458737,-1309.125,0.5032585177538192
2021-08-18,419791778,8788170,XX,2.2,23.5,0.36,-25.14,41.94,66.13,0.2364966650012081,105.828125,0.5032193509504291
2021-08-19,421215386,8811034,XX,1.58,22.38,0.41,-25.06,40.92,67.4,4.188585333234935,1916.390625,0.5033810131939205
2021-08-20,422785348,8832012,XX,1.46,20.93,0.58,-24.57,41.21,65.97,5.459790698385328,2621.59765625,0.5036481733581177
2021-08-21,423914230,8849798,XX,2.46,23.98,0.88,-25.6,41.02,66.56,-0.8828701235467067,-433.68359375,0.503558947698502
2021-08-22,424819534,8865174,XX,1.91,19.52,0.41,-23.37,39.05,65.11,0.8473475397263706,416.16015625,0.5033260515886115
2021-08-23,426164914,8885144,XX,1.32,19.85,0.52,-17.62,40.78,66.2,0.45413466832814303,224.49609375,0.5032551682771661
2021-08-24,427539988,8907224,XX,1.81,23.68,1.16,-11.95,41.45,67.2,-3.784489433094968,-1840.03125,0.5032201206634216
2021-08-25,429017818,8929886,XX,1.71,22.85,0.45,-12.36,41.43,66.34,2.5960121950429427,1254.671875,0.5032067826350143
2021-08-26,430488616,8953068,XX,1.62,22.59,0.46,-13.1,41.63,67.17,-4.21022974523753,-2018.5703125,0.503373866486152
2021-08-27,431971346,8973760,XX,2.01,21.62,0.38,-13.39,42.3,66.5,4.409943030226678,2116.44921875,0.5036085578193064
2021-08-28,433100292,8990634,XX,1.66,21.82,0.34,-23.57,40.7,65.44,-0.31903644385737095,-156.265625,0.5034931427094937
2021-08-29,434004714,9004106,XX,2.36,20.94,0.31,-25.89,34.67,64.62,-0.14850847584068097,-72.5703125,0.5032281560080769
2021-08-30,435316902,9023126,XX,1.24,18.67,0.37,-33.86,35.87,63.67,-3.702463994727715,-1774.84765625,0.5031203351584037
2021-08-31,436585326,9041466,XX,1.25,20.62,0.31,-32.46,41.13,65.24,0.23710718587319382,111.703125,0.5029859632188624
2021-09-01,438025086,9066470,XX,1.73,19.94,0.39,-32.42,40.44,65.88,3.5005653788017193,1680.33984375,0.5030243550277533
2021-09-02,439378342,9088916,XX,0.98,20.77,0.53,-31.73,41.34,66.74,0.979272478817146,480.6953125,0.5031579339041247
2021-09-03,440803792,9110288,XX,1.2,19.09,0.33,-31.61,41.11,65.38,1.4044128006187486,697.65234375,0.503408455767872
2021-09-04,441812732,9125758,XX,1.54,21.78,0.55,-17.59,39.57,63.8,-0.1615484996733509,-80.75,0.503265196096263
2021-09-05,442720032,9138690,XX,1.84,19.19,0.64,-15.88,34.35,65.3,3.5575435016673143,1808.78515625,0.5030811432336396
2021-09-06,443642288,9154810,XX,1.99,19.66,0.73,-18.43,38.77,64.88,1.68631403802205,880.125,0.5028048224961295
2021-09-07,444978732,9175758,XX,1.26,18.76,0.67,-17.44,38.8,61.93,-11.723249529729856,-5822.40625,0.5027718418972167
2021-09-08,446235898,9195846,XX,1.44,19.64,0.47,-16.27,39.71,62.96,-1.5494793572991006,-719.73828125,0.502699398241033
2021-09-09,447532288,9217374,XX,1.57,19.85,0.46,-16.3,42.32,64.2,0.6488390533953229,300.03125,0.5028564418123656
2021-09-10,448831348,9235746,XX,1.69,20.88,0.46,-15.28,41.08,63.76,-3.303518664446581,-1507.51171875,0.5030342049791481
2021-09-11,449782864,9252456,XX,2.01,21.41,0.6,-24.71,40.97,64.72,0.7049939410355871,317.546875,0.5030444564252379
2021-09-12,450535962,9263626,XX,1.0,16.96,0.93,-15.71,34.62,62.26,1.8886554528238821,861.8125,0.5027427154811303
2021-09-13,451661396,9281824,XX,1.24,16.66,0.54,-5.14,36.08,59.87,-2.4174296052118334,-1100.1953125,0.5026738810431493
2021-09-14,452766584,9301648,XX,1.06,18.6,0.35,-5.86,39.85,62.84,4.62720067779093,2129.41796875,0.5025911565057516
2021-09-15,453902886,9322550,XX,1.26,20.48,0.39,-6.57,41.08,64.66,2.275460131450896,1083.85546875,0.5025738359222961
2021-09-16,455075050,9343470,XX,1.79,19.93,0.52,-6.71,40.98,64.53,-0.81907394359386,-392.98828125,0.5026857338487832
2021-09-17,456319570,9361570,XX,1.59,20.21,0.87,-7.0,41.32,63.96,-1.0854079709278335,-515.83984375,0.5029090834538812
2021-09-18,457378600,9374600,XX,1.72,19.81,0.43,0.66,40.27,64.69,2.116012615402399,1010.84375,0.5028155370424908
2021-09-19,458113192,9386604,XX,1.64,17.28,0.96,2.82,34.85,62.04,-2.1314594702563614,-1018.14453125,0.5026039190438156
2021-09-20,459148152,9403024,XX,1.2,14.84,0.38,3.71,37.26,60.44,-9.810793836995629,-4416.41796875,0.5025105781856316
2021-09-21,460131960,9421866,XX,1.15,18.46,0.37,3.48,38.73,63.19,-5.148826786332678,-2150.125,0.5024257826234187
2021-09-22,461202304,9441426,XX,1.37,19.32,1.07,3.56,39.38,63.84,6.839960199678301,2880.83203125,0.5023921592054057
2021-09-23,462296934,9461030,XX,1.71,18.56,0.79,3.8,39.83,64.87,2.985630902322461,1320.58984375,0.5024841363216141
2021-09-24,463393858,9478458,XX,1.27,17.96,0.46,3.28,39.39,64.15,-4.686219528987527,-2055.34765625,0.5026498669943502
2021-09-25,464153002,9489394,XX,1.72,18.97,0.82,1.29,39.47,63.13,-0.2878952738409655,-123.15625,0.5024980698347072
2021-09-26,464871900,9500298,XX,1.46,15.12,0.68,0.43,36.33,62.82,1.1450682044497962,491.9453125,0.5023173046334976
2021-09-27,465813678,9515750,XX,1.63,13.13,0.3,-1.57,35.17,59.72,-2.2771582829569805,-972.80859375,0.5022237634686919
2021-09-28,466723040,9534476,XX,1.46,18.83,0.26,-1.71,39.65,61.68,-2.8852332947741828,-1201.1875,0.5021576919473889
2021-09-29,467705334,9553024,XX,1.68,18.53,0.43,-4.57,40.16,63.18,1.282892481457235,529.8203125,0.5021371392746752
2021-09-30,468681992,9570704,XX,1.56,18.6,1.09,-4.57,38.31,63.22,5.218276011816411,2226.53125,0.5022802654370312
2021-10-01,469724618,9587916,XX,1.4,17.36,0.5,-16.57,38.9,61.62,9.42084189312798,4326.046875,0.5024456189149493
2021-10-02,470435728,9599730,XX,1.48,18.76,0.46,-14.71,38.85,63.2,-0.8462113921141138,-405.453125,0.5023325175386768
2021-10-03,471061872,9608292,XX,1.78,16.88,0.56,-21.98,33.19,63.34,1.0185835179136424,488.46484375,0.502120689761992
2021-10-04,471932562,9622552,XX,1.02,14.29,0.26,-20.15,33.3,58.91,1.8763728593427256,912.94921875,0.502031161617789
2021-10-05,472783948,9637330,XX,0.83,15.77,0.42,-20.89,37.0,61.32,4.774761053468452,2401.91015625,0.5019564102403853
2021-10-06,473799192,9655654,XX,1.16,16.08,0.44,-18.26,37.0,59.69,7.201410137731079,3846.63671875,0.5019596243355504
2021-10-07,474721734,9673540,XX,1.27,17.02,0.36,-17.81,38.2,62.28,-2.8498794333346034,-1555.46484375,0.5020910891974917
2021-10-08,475672824,9688600,XX,1.08,16.84,0.3,-4.03,38.29,63.35,0.30037607441677505,161.86328125,0.5022580201010246
2021-10-09,476364270,9698322,XX,1.41,16.7,0.61,-2.11,37.85,61.48,1.836679291081593,1000.375,0.5021487498559469
2021-10-10,477005694,9707678,XX,1.18,13.99,0.33,2.7,32.41,57.65,-0.3583836316874845,-196.64453125,0.5020203552775957
2021-10-11,477757620,9719324,XX,1.36,13.34,0.41,-6.94,34.34,58.35,4.834896270757248,2713.2109375,0.5018615366202591
2021-10-12,478640418,9735442,XX,1.06,16.04,0.4,-5.3,37.63,60.17,-2.543576350608531,-1443.73046875,0.5018249328862445
2021-10-13,479555502,9753132,XX,0.68,15.85,0.32,-4.93,38.96,61.89,2.3978814816483514,1360.0390625,0.501845977803189
2021-10-14,480461040,9769148,XX,0.82,18.06,0.72,-6.16,38.84,62.83,-0.13872457018979745,-79.57421875,0.5019799499351968
2021-10-15,481378960,9783552,XX,1.16,17.06,0.71,-7.92,36.78,61.98,7.18874583745788,4272.42578125,0.5021139721801475
2021-10-16,482076068,9794154,XX,0.92,16.33,0.26,-8.07,35.3,61.32,-1.1458884632588322,-701.76953125,0.5020834870370601
2021-10-17,482712544,9802714,XX,1.08,14.5,0.65,-5.75,32.71,59.78,1.0803865067540788,661.4375,0.5019197342936723
2021-10-18,483536816,9815678,XX,0.88,13.54,0.27,3.26,34.5,57.59,0.7646292349290159,472.4609375,0.501832523704069
2021-10-19,484432650,9832158,XX,0.87,16.02,0.3,1.98,36.3,62.08,3.541344366049976,2235.9140625,0.5018326733020186
2021-10-20,485388702,9849482,XX,0.81,16.52,0.4,1.72,37.74,61.81,2.6577834542035657,1730.84375,0.5018764228374903
2021-10-21,486316284,9864898,XX,0.84,16.56,0.34,2.9,37.77,61.39,-5.902766839072916,-3782.6640625,0.5019942898826139
2021-10-22,487293218,9881202,XX,0.8,15.79,0.34,3.58,37.73,62.14,-2.4702251082704763,-1517.90625,0.5021774335572855
2021-10-23,488038058,9892848,XX,1.02,16.56,0.39,2.48,36.66,61.98,1.1489604888576206,701.3515625,0.5021371244959296
2021-10-24,488672034,9901898,XX,1.09,14.23,0.47,3.75,32.14,59.54,-0.7566491344887265,-462.78125,0.5019726367805939
2021-10-25,489529080,9915306,XX,1.09,13.32,0.51,4.44,32.95,60.07,3.4027273334004215,2108.98828125,0.5018943166946686
2021-10-26,490423326,9931068,XX,0.71,15.26,0.42,5.06,35.75,59.76,-4.337718610106227,-2676.03125,0.5018868621546266
2021-10-27,491463812,9949376,XX,1.21,15.99,0.4,6.24,38.06,62.03,-3.166384386368273,-1881.40625,0.5019247337060271
2021-10-28,492390498,9966980,XX,0.77,16.06,0.27,5.75,38.68,59.63,3.593449158802419,2139.75,0.5020430213531142
2021-10-29,493408410,9982704,XX,1.04,15.74,0.39,5.6,38.08,61.13,2.6144375505153636,1605.828125,0.5022216364555829
2021-10-30,494188380,9994722,XX,1.27,18.85,0.38,5.28,38.56,60.85,-0.5464750380489263,-339.1328125,0.5021812911816227
2021-10-31,494880846,10003688,XX,1.58,15.64,0.45,5.63,31.96,60.69,-0.9250698649359285,-569.875,0.5020417219500024
2021-11-01,495725438,10016304,XX,0.8,16.45,0.26,-3.32,33.32,59.1,-0.5142950065019365,-314.55078125,0.5019172703481991
2021-11-02,496573368,10030838,XX,0.98,16.27,0.53,-3.02,35.33,60.84,3.5775877348473304,2221.99609375,0.5018556990600768
2021-11-03,497650494,10047654,XX,0.82,14.5,0.3,-3.69,37.83,60.1,-0.4062805617150114,-256.35546875,0.5018807332890678
2021-11-04,498697710,10062856,XX,1.1,17.49,0.32,-3.07,39.48,61.74,-2.439903425460908,-1517.81640625,0.5019846398537536
2021-11-05,499739470,10080094,XX,1.02,17.47,0.22,-4.24,39.57,62.33,-0.532812918796798,-326.5546875,0.5021723165945349
2021-11-06,500594692,10093386,XX,0.88,16.81,0.33,-3.11,40.37,62.09,0.6551908440948537,401.8046875,0.5021800789721258
2021-11-07,501294710,10102380,XX,1.09,12.36,0.25,-4.62,32.08,61.18,2.8827681539784322,1799.5078125,0.5020712149973575
2021-11-08,502251870,10115800,XX,1.15,13.87,0.3,5.36,33.0,60.56,6.480556096155834,4239.83984375,0.5019953760505209
2021-11-09,503225602,10132130,XX,1.22,15.77,0.48,5.36,37.7,60.03,-0.8845099182201409,-595.0,0.5019873643899246
2021-11-10,504402636,10148690,XX,0.93,15.7,0.28,5.15,38.36,60.97,-2.995816542044536,-1976.59765625,0.5020087349779109
2021-11-11,505441960,10163964,XX,0.78,15.18,0.76,4.32,39.96,61.22,-0.06967481072823624,-45.26953125,0.5020755627638849
2021-11-12,506630892,10182100,XX,0.9,14.11,0.39,5.01,36.9,59.66,-1.2300437518712914,-794.01953125,0.5023060800961876
2021-11-13,507492014,10194666,XX,0.87,14.58,0.3,3.86,37.21,59.55,0.48759637082755497,313.5859375,0.502268150008579
2021-11-14,508220408,10203916,XX,0.7,11.07,0.24,2.68,30.71,57.01,1.5351084638069592,997.3125,0.5021170676129664
2021-11-15,509294850,10217782,XX,1.63,13.99,0.4,-0.21,32.06,57.56,-2.959290584671604,-1908.96875,0.5020546366910903
2021-11-16,510349224,10233218,XX,0.76,16.07,0.3,0.06,36.59,57.64,-5.492245425158357,-3396.625,0.5020565625215404
2021-11-17,511617862,10251560,XX,0.78,14.6,0.33,-0.23,35.32,60.35,0.343096492223367,206.765625,0.5020742220302229
2021-11-18,512847974,10268218,XX,0.79,14.35,0.43,0.18,35.76,60.49,-5.842375040330888,-3425.875,0.5022109004395021
2021-11-19,514088832,10284320,XX,0.71,14.61,0.31,1.08,37.07,59.79,2.046697304630566,1177.44140625,0.5024161898206455
2021-11-20,515052542,10296456,XX,1.22,15.62,0.26,1.53,34.96,59.04,2.678245961804076,1577.6171875,0.5023639829273912
2021-11-21,515860840,10305574,XX,0.83,13.48,0.17,-4.41,33.83,58.77,-1.6326255638854346,-966.71875,0.5022234351040102
2021-11-22,517097514,10320140,XX,1.33,13.98,0.21,-13.16,32.6,58.31,-4.245451447744855,-2441.1875,0.5021650999982854
2021-11-23,518323788,10336274,XX,0.8,15.03,0.31,-14.02,35.27,58.15,2.2481248103212805,1279.78515625,0.5021533130498002
2021-11-24,519669796,10353556,XX,0.61,13.49,0.19,-13.78,35.71,60.39,-2.263871996463873,-1288.6484375,0.5021883783807746
2021-11-25,520864888,10369230,XX,0.95,14.91,0.36,-12.77,35.86,59.87,1.7511838160780349,994.25390625,0.5022830773636379
2021-11-26,522063388,10382886,XX,1.02,15.17,0.34,-13.83,34.84,55.86,-6.687380102128215,-3704.9140625,0.502428219634419
2021-11-27,522986322,10394800,XX,2.0,19.39,0.19,-16.5,36.12,59.42,2.298046960742265,1245.3125,0.5023165052484286
2021-11-28,523805180,10404416,XX,3.41,18.67,0.41,-20.33,32.79,62.92,4.3435386277887975,2433.37890625,0.5021363069664442
2021-11-29,525108270,10419922,XX,3.03,17.62,0.49,-20.8,35.01,62.47,0.9701684218223902,558.109375,0.502100033382616
2021-11-30,526354836,10436122,XX,2.86,20.23,0.37,-21.11,35.96,61.6,-1.3955922421075118,-801.140625,0.502114384357234
2021-12-01,527781168,10454664,XX,2.42,18.73,0.25,-23.74,38.47,63.59,0.39287807348430553,224.40234375,0.5022227394619132
2021-12-02,529193452,10475006,XX,1.8,18.12,0.44,-25.06,37.47,62.83,-1.3227302108743102,-752.01171875,0.50243561634872
2021-12-03,530628014,10492076,XX,1.91,18.25,0.32,-24.3,39.54,62.31,-5.2331585665341835,-2879.5703125,0.5026663950251551
2021-12-04,531656928,10503124,XX,2.2,18.35,0.22,-21.05,40.64,61.18,-8.560843085516442,-4397.54296875,0.502543365587252
2021-12-05,532537488,10517900,XX,1.64,15.55,0.26,-22.01,33.73,61.39,0.3411696472447897,168.14453125,0.502435381801918
2021-12-06,533715474,10531674,XX,1.42,15.19,0.51,-10.38,33.07,60.18,2.4288526851428816,1213.77734375,0.5023150096621953
2021-12-07,535110384,10548186,XX,1.34,17.14,0.24,-17.3,37.82,60.51,0.23194677368668118,117.4609375,0.5022600891018094
2021-12-08,536452382,10564060,XX,1.01,15.52,0.36,-14.57,39.31,59.42,-0.3859286221386915,-195.2890625,0.5022192247095887
2021-12-09,537911760,10581844,XX,0.98,16.57,0.34,-14.71,38.78,61.48,-5.772155580847653,-2832.67578125,0.5023953650385529
2021-12-10,539282774,10598022,XX,1.15,16.26,0.3,-13.14,37.94,60.51,-0.9035819421615396,-428.81640625,0.5025219218815276
2021-12-11,540282658,10609988,XX,1.04,15.5,0.39,-13.71,36.95,59.39,4.388024071672512,2119.203125,0.5024547392569663
2021-12-12,541163094,10619108,XX,0.9,13.5,0.23,-9.01,32.19,57.4,1.4796607838164322,735.828125,0.5022435780469581
2021-12-13,542410992,10632310,XX,0.86,14.64,0.23,-8.86,33.2,57.71,-6.944137030817534,-3360.85546875,0.502185733765
2021-12-14,543730398,10647884,XX,0.99,16.7,0.43,-1.57,38.37,59.32,-0.2674827620426481,-124.84765625,0.5021225451270879
2021-12-15,545220442,10666180,XX,0.94,17.59,0.38,-2.43,38.64,60.42,4.7838778099981205,2284.08984375,0.5021700762475758
2021-12-16,546695386,10680824,XX,1.15,19.34,0.42,-4.57,37.96,61.99,-2.550406419845907,-1231.296875,0.5023066654793789
2021-12-17,548160040,10694828,XX,1.95,19.59,0.3,-7.75,39.15,60.71,-3.1180093256039694,-1463.28125,0.5024939525972588
2021-12-18,549326094,10706960,XX,1.38,20.83,0.35,-10.48,38.34,62.79,1.389869565630835,646.6328125,0.5024580703122802
2021-12-19,550291338,10715664,XX,1.86,20.6,0.59,-14.07,35.2,63.16,-0.30305301841360094,-141.76171875,0.5022924444366537
2021-12-20,551775088,10729602,XX,1.39,23.15,0.31,-18.34,34.91,62.01,0.3702680378992096,173.26171875,0.5022348295466605
2021-12-21,553370910,10745022,XX,1.54,21.81,0.19,-18.15,37.74,61.47,4.2928792887466996,2056.3359375,0.5022661450514668
2021-12-22,555189194,10765620,XX,1.8,22.33,0.24,-17.47,39.91,62.97,-0.6315834406489169,-308.1015625,0.5024173655521604
2021-12-23,557181624,10780016,XX,1.55,24.34,0.22,-15.23,39.99,64.4,4.3381939329586325,2156.02734375,0.5026248508152436
2021-12-24,558902936,10791786,XX,1.61,23.91,0.36,-14.49,40.93,63.83,0.07412156675569818,37.65625,0.5028257909302782
2021-12-25,560297402,10800330,XX,1.99,25.87,0.3,-23.53,38.33,62.65,-0.7749727198994439,-392.3359375,0.502737138203537
2021-12-26,561457512,10807834,XX,2.4,25.24,0.52,-26.09,35.26,65.95,0.7500204929835927,379.65625,0.5025419994497468
2021-12-27,564002984,10821082,XX,1.7,26.09,0.32,-24.42,38.05,66.75,-0.3333620966693561,-169.09765625,0.5026111006007259
2021-12-28,566675452,10835862,XX,1.78,25.24,0.26,-24.4,39.82,63.97,-6.215142651197651,-3051.5625,0.5027577760392226
2021-12-29,570127796,10852010,XX,1.6,23.91,0.34,-23.82,39.14,64.73,-2.4336011956341843,-1144.14453125,0.503181134663557
2021-12-30,574011192,10867058,XX,1.51,24.51,0.28,-24.67,41.17,65.54,1.566773871313257,733.4140625,0.5037924126306832
2021-12-31,577464740,10880252,XX,1.97,26.21,0.31,-24.16,43.39,66.69,-1.8649172756865187,-871.6796875,0.5043484458946572
2022-01-01,579869562,10888846,XX,1.87,25.22,0.31,-12.56,41.46,67.28,2.937373314776973,1380.3671875,0.5042480671662836
2022-01-02,581709398,10895320,XX,1.51,23.91,0.23,-11.45,41.21,68.23,-0.7189054400021723,-341.59375,0.5039568628669743
2022-01-03,586488678,10907496,XX,2.1,26.59,1.39,-19.9,38.36,67.45,-1.8914636695763702,-887.1015625,0.5041738586412344
2022-01-04,591550708,10923404,XX,1.74,23.92,0.46,-19.12,40.73,65.35,-1.2138934663861074,-560.54296875,0.5044084827044506
2022-01-05,596715654,10939452,XX,1.75,22.01,0.28,-22.28,41.21,65.66,-5.2066288454812755,-2328.5703125,0.5047770842240114
2022-01-06,602020688,10954306,XX,1.8,22.67,0.27,-26.25,39.92,63.47,-0.9410297303589779,-408.07421875,0.5054347344479808
2022-01-07,607900898,10968812,XX,1.75,22.98,0.29,-33.99,41.41,63.77,-3.7847988650375175,-1603.02734375,0.5063445445654372
2022-01-08,612211674,10979514,XX,1.77,23.71,0.27,-41.02,40.34,63.94,0.4227048332596754,176.0390625,0.5061873789781526
2022-01-09,616254636,10987456,XX,2.01,22.64,0.51,-35.8,38.33,60.98,0.42479352061129066,177.66015625,0.5058442166536148
2022-01-10,622610288,11000422,XX,1.37,21.95,0.5,-25.57,36.03,64.28,-0.2157811766201214,-90.33984375,0.5060039504653226
2022-01-11,628821382,11019534,XX,1.44,20.74,0.23,-27.46,41.86,61.85,2.1633410637439376,914.59375,0.5061856785167766
2022-01-12,635739402,11037788,XX,1.58,19.44,0.36,-25.52,40.75,62.49,2.7993907251911834,1213.24609375,0.5063797558909299
2022-01-13,642121090,11054356,XX,1.4,20.67,0.89,-28.07,39.94,63.59,-3.137582795207003,-1357.53125,0.5068103902882635
2022-01-14,648722310,11070226,XX,1.29,20.44,0.49,-32.57,39.63,64.04,1.1859664695822616,508.12890625,0.5073547618504645
2022-01-15,653650582,11082658,XX,1.46,20.88,0.49,-35.26,38.98,63.32,0.1801155622209457,77.69921875,0.5070113034867605
2022-01-16,657967954,11091352,XX,1.86,17.51,0.4,-38.71,36.85,62.32,-0.1472212364401536,-63.51953125,0.5064746750003777
2022-01-17,663383120,11103844,XX,1.97,18.87,0.45,-49.43,39.39,60.72,-2.022757169904886,-863.328125,0.5060655251310282
2022-01-18,670991506,11122534,XX,1.45,19.16,0.29,-49.44,38.18,59.94,0.2956109256612036,125.08203125,0.5062651317382006
2022-01-19,679223136,11142642,XX,0.98,17.73,0.23,-49.44,38.23,61.52,-1.5009910442870609,-631.3046875,0.5065571313250405
2022-01-20,686649194,11161830,XX,1.46,17.47,0.22,-42.16,38.39,62.44,-2.5816743095603862,-1063.91015625,0.5070448739510434
2022-01-21,694307220,11181772,XX,1.34,16.91,0.24,-30.88,40.67,60.76,-10.960468291543993,-4223.1015625,0.5077330717644597
2022-01-22,699779956,11194006,XX,1.3,17.4,0.38,-23.29,36.96,61.77,-3.9930188839646727,-1427.06640625,0.5076859522490553
2022-01-23,704634474,11203986,XX,1.24,14.74,0.3,-15.29,33.74,61.97,3.4966573781181562,1246.5546875,0.5070261741337253
2022-01-24,711620712,11221422,XX,1.24,15.82,0.4,-15.62,33.26,59.12,1.0352967106698903,377.5234375,0.5067040207721059
2022-01-25,719029270,11242772,XX,1.28,17.88,0.51,-16.9,38.55,59.56,0.8142486826951165,299.67578125,0.5066619834582684
2022-01-26,726483424,11263964,XX,1.48,18.12,0.48,-15.46,40.05,61.08,-0.27608244495656065,-101.8828125,0.5065771245478108
2022-01-27,733910464,11284912,XX,1.05,16.29,0.5,-18.31,38.32,61.73,0.7733837890785913,286.11328125,0.5069625268438918
2022-01-28,741139126,11309400,XX,1.04,16.13,0.62,-16.85,38.19,60.74,1.7247505090414967,646.09765625,0.5074828746161961
2022-01-29,746470818,11325234,XX,1.12,15.17,0.4,-17.1,39.42,58.53,0.9321351739209749,353.84765625,0.5071263744249865
2022-01-30,751008960,11336532,XX,1.36,14.9,1.22,-26.58,35.59,58.59,-0.5800446457155093,-220.578125,0.5064767001501853
2022-01-31,758181796,11356312,XX,1.03,15.67,1.21,-23.21,37.02,60.35,1.4804408066392667,565.5234375,0.5063582625767512
2022-02-01,764601200,11384320,XX,1.38,16.54,0.96,-22.58,35.69,58.91,0.6737318502634114,260.1484375,0.506216490745757
2022-02-02,771037582,11408598,XX,0.76,15.64,0.56,-23.14,38.35,60.66,-4.731073995912287,-1790.2890625,0.5060345735718117
2022-02-03,777408416,11431950,XX,1.08,16.11,0.49,-19.71,38.15,58.78,0.544121583199158,201.6171875,0.5062478005799782
2022-02-04,783229594,11458254,XX,1.06,16.14,0.69,-20.29,39.01,58.37,11.062688345744714,4346.2734375,0.5065852410266644
2022-02-05,787648556,11474734,XX,1.14,15.85,0.56,-16.43,38.9,58.23,-0.14398234837348134,-59.7109375,0.5060622440776918
2022-02-06,791291180,11486476,XX,0.67,15.03,1.17,-4.86,32.34,59.03,2.316687651757865,971.26953125,0.5054051967140254
2022-02-07,796394290,11508168,XX,0.87,17.23,0.54,2.86,32.95,57.87,3.311158270953735,1427.8515625,0.5051305213080928
2022-02-08,802066128,11534800,XX,0.75,16.68,0.66,3.62,37.8,58.03,0.6324808965338508,278.16015625,0.5050223879304453
2022-02-09,806980954,11561322,XX,0.91,15.78,0.49,3.49,37.87,58.22,0.498211368199733,220.3515625,0.5048533477433867
2022-02-10,812517360,11584762,XX,0.8,15.22,0.48,3.59,37.13,58.7,-1.760339378138894,-773.68359375,0.505078218548391
2022-02-11,817293090,11609056,XX,0.84,15.71,0.4,3.54,37.69,58.1,-2.692112605517185,-1157.17578125,0.5053679971836297
2022-02-12,820946338,11626406,XX,0.97,14.58,0.3,1.22,35.08,57.79,-0.386212183286643,-163.46875,0.505072845987721
2022-02-13,823856752,11636750,XX,0.96,14.27,0.29,-5.58,30.32,55.77,-0.1112080209543203,-46.953125,0.5044504488518169
2022-02-14,827451192,11658856,XX,0.58,12.39,0.32,-14.93,31.17,54.5,0.9185768314632001,389.40234375,0.5041811928904661
2022-02-15,831018344,11679980,XX,1.03,14.28,0.26,-14.75,32.83,54.58,4.563060448724069,1988.28515625,0.5038374054462489
2022-02-16,835857130,11706346,XX,0.89,13.71,0.34,-14.51,35.08,56.48,-1.385529504989858,-613.34375,0.5038505679651691
2022-02-17,839930386,11731080,XX,0.94,14.63,0.39,-14.11,36.0,56.96,-8.108233071910446,-3423.84765625,0.5039778816306275
2022-02-18,843814344,11752252,XX,0.83,13.95,0.38,-14.51,38.11,56.55,-1.2586526423760573,-507.03515625,0.5042264117246538
2022-02-19,846920722,11768974,XX,0.77,12.27,0.59,-13.64,37.28,57.56,0.2275138191892225,91.1796875,0.5040820668746137
2022-02-20,849459054,11779634,XX,0.88,11.56,0.21,-7.28,28.62,53.4,-4.3054421746525255,-1690.77734375,0.5038053476966837
2022-02-21,852378628,11794508,XX,0.9,12.66,0.3,-8.03,30.1,56.23,-3.592381094835431,-1356.09765625,0.503384422155239
2022-02-22,855993914,11814814,XX,0.7,12.55,0.41,-7.21,32.4,53.68,3.2134534341506558,1210.74609375,0.5032570116196511
2022-02-23,859880740,11838758,XX,0.71,12.2,0.24,-7.2,36.57,55.16,-2.618363461542035,-989.45703125,0.5032743072354098
2022-02-24,863397354,11860260,XX,0.87,13.11,0.38,-8.1,36.37,55.51,2.7399579951549815,1036.0390625,0.5033742326668624
2022-02-25,866584668,11877950,XX,0.91,11.9,0.46,-7.57,37.52,56.4,2.2738450595305904,881.609375,0.503533874834007
2022-02-26,869304024,11890574,XX,1.24,10.46,0.64,-7.01,36.07,54.8,-0.27852723260769346,-109.0703125,0.5034716750011704
2022-02-27,871476206,11899454,XX,0.87,8.19,0.31,-17.95,30.94,52.33,-3.6334517924426977,-1395.36328125,0.5031328918197917
2022-02-28,874334134,11915132,XX,1.3,8.13,0.17,-7.74,32.12,54.75,13.576425730332167,5483.44921875,0.5028873696602683
2022-03-01,877461264,11931144,XX,1.32,12.19,0.77,-8.21,36.56,55.67,2.6533380332524756,1161.40234375,0.5027645289493967
2022-03-02,880808442,11947066,XX,0.69,10.96,0.35,-7.6,36.08,56.34,-0.9753715935407227,-430.51953125,0.50276024525635
2022-03-03,884613234,11963832,XX,0.91,13.28,0.36,-6.94,36.51,56.49,-3.4094478652413356,-1472.328125,0.5029499071426009
2022-03-04,888050960,11980868,XX,1.15,11.43,0.53,-6.93,37.65,55.06,-8.12852755652355,-3314.18359375,0.5032073137782942
2022-03-05,890837958,11991794,XX,0.73,10.01,0.32,-6.36,36.39,54.86,0.6696906228633431,262.98046875,0.5031390956685089
2022-03-06,893160724,11999798,XX,0.77,8.76,0.15,6.14,28.37,51.23,-2.5202937052357024,-980.6015625,0.5029338684506729
2022-03-07,896182248,12015410,XX,0.53,8.09,0.14,-4.43,28.61,50.45,-0.93603152707349,-357.9453125,0.5028759305553259
2022-03-08,899891532,12029796,XX,0.56,11.41,0.26,-4.14,33.73,54.8,1.758473821596099,675.23046875,0.5028277189672745
2022-03-09,903662664,12045192,XX,0.79,12.05,0.27,-4.71,34.25,54.31,8.046083301385845,3245.65625,0.5028476351135237
2022-03-10,907308760,12059964,XX,0.69,12.36,0.27,-5.29,39.08,54.45,-6.254685680053027,-2545.46484375,0.5029985452070017
2022-03-11,910976570,12072572,XX,0.76,12.5,0.27,-5.43,36.68,54.56,-1.6425482290646416,-642.48828125,0.5032245321428683
2022-03-12,914291010,12081936,XX,1.15,11.91,0.67,-5.71,38.22,53.73,0.2806706804667275,109.0390625,0.5031907361443673
2022-03-13,916704088,12088530,XX,1.03,9.65,0.47,-6.43,29.94,52.83,-2.7475269974984844,-1054.34765625,0.5029225558919569
2022-03-14,920173092,12091720,XX,1.43,13.55,1.12,-6.0,29.44,54.74,4.689129940953424,1817.08984375,0.5027450637096309
2022-03-15,923903876,12102720,XX,1.04,12.38,0.32,-7.39,33.8,54.02,-0.8302471898178111,-327.96875,0.5027079674244146
2022-03-16,928410658,12116544,XX,1.09,12.95,0.27,-19.66,37.74,55.67,4.486546767420043,1805.14453125,0.502824011676936
2022-03-17,932519224,12130954,XX,0.95,12.61,0.67,-19.83,36.82,54.76,-0.4690916877794194,-192.55078125,0.5029736413845398
2022-03-18,936268926,12141698,XX,0.83,13.01,0.37,-19.86,38.25,53.36,2.0538517974936226,849.77734375,0.5031882259934268
2022-03-19,939429726,12149120,XX,0.97,12.11,0.47,-20.55,33.77,55.25,0.9274687432012266,389.49609375,0.5031807862548701
2022-03-20,941476958,12155164,XX,2.07,10.53,0.28,-21.38,29.04,53.67,-2.26003228859662,-942.828125,0.5028956441690107
2022-03-21,944235588,12187704,XX,0.89,9.97,0.19,-8.84,30.75,50.62,-0.4125761887466681,-169.828125,0.5028446135481204
2022-03-22,948231922,12197542,XX,0.56,11.46,0.31,-7.0,35.7,53.68,3.070379130997368,1280.8125,0.5027728793367081
2022-03-23,951519606,12208752,XX,0.68,11.71,0.51,5.29,36.68,54.8,1.2531246090632069,534.1484375,0.5027080755855897
2022-03-24,954682116,12219308,XX,0.68,11.56,0.14,5.29,35.51,54.41,2.4593725965785045,1067.9765625,0.5027332032481371
2022-03-25,958012084,12237002,XX,0.82,12.08,0.44,4.9,37.52,54.62,0.8782716407665668,387.796875,0.5030150331245269
2022-03-26,960222122,12242306,XX,0.66,10.97,0.17,4.57,36.7,53.24,0.34237154855725294,152.09765625,0.5026573272264239
